Date,Year,Quarter,Year_Quarter,Month_Num,Month_Name,Year_Month,Week_Num,Day,Weekday,Is_Weekend
2014-01-01,2014,Q1,2014-Q1,1,January,2014-01,1,1,Wednesday,0
2014-01-02,2014,Q1,2014-Q1,1,January,2014-01,1,2,Thursday,0
2014-01-03,2014,Q1,2014-Q1,1,January,2014-01,1,3,Friday,0
2014-01-04,2014,Q1,2014-Q1,1,January,2014-01,1,4,Saturday,1
2014-01-05,2014,Q1,2014-Q1,1,January,2014-01,1,5,Sunday,1
2014-01-06,2014,Q1,2014-Q1,1,January,2014-01,2,6,Monday,0
2014-01-07,2014,Q1,2014-Q1,1,January,2014-01,2,7,Tuesday,0
2014-01-08,2014,Q1,2014-Q1,1,January,2014-01,2,8,Wednesday,0
2014-01-09,2014,Q1,2014-Q1,1,January,2014-01,2,9,Thursday,0
2014-01-10,2014,Q1,2014-Q1,1,January,2014-01,2,10,Friday,0
2014-01-11,2014,Q1,2014-Q1,1,January,2014-01,2,11,Saturday,1
2014-01-12,2014,Q1,2014-Q1,1,January,2014-01,2,12,Sunday,1
2014-01-13,2014,Q1,2014-Q1,1,January,2014-01,3,13,Monday,0
2014-01-14,2014,Q1,2014-Q1,1,January,2014-01,3,14,Tuesday,0
2014-01-15,2014,Q1,2014-Q1,1,January,2014-01,3,15,Wednesday,0
2014-01-16,2014,Q1,2014-Q1,1,January,2014-01,3,16,Thursday,0
2014-01-17,2014,Q1,2014-Q1,1,January,2014-01,3,17,Friday,0
2014-01-18,2014,Q1,2014-Q1,1,January,2014-01,3,18,Saturday,1
2014-01-19,2014,Q1,2014-Q1,1,January,2014-01,3,19,Sunday,1
2014-01-20,2014,Q1,2014-Q1,1,January,2014-01,4,20,Monday,0
2014-01-21,2014,Q1,2014-Q1,1,January,2014-01,4,21,Tuesday,0
2014-01-22,2014,Q1,2014-Q1,1,January,2014-01,4,22,Wednesday,0
2014-01-23,2014,Q1,2014-Q1,1,January,2014-01,4,23,Thursday,0
2014-01-24,2014,Q1,2014-Q1,1,January,2014-01,4,24,Friday,0
2014-01-25,2014,Q1,2014-Q1,1,January,2014-01,4,25,Saturday,1
2014-01-26,2014,Q1,2014-Q1,1,January,2014-01,4,26,Sunday,1
2014-01-27,2014,Q1,2014-Q1,1,January,2014-01,5,27,Monday,0
2014-01-28,2014,Q1,2014-Q1,1,January,2014-01,5,28,Tuesday,0
2014-01-29,2014,Q1,2014-Q1,1,January,2014-01,5,29,Wednesday,0
2014-01-30,2014,Q1,2014-Q1,1,January,2014-01,5,30,Thursday,0
2014-01-31,2014,Q1,2014-Q1,1,January,2014-01,5,31,Friday,0
2014-02-01,2014,Q1,2014-Q1,2,February,2014-02,5,1,Saturday,1
2014-02-02,2014,Q1,2014-Q1,2,February,2014-02,5,2,Sunday,1
2014-02-03,2014,Q1,2014-Q1,2,February,2014-02,6,3,Monday,0
2014-02-04,2014,Q1,2014-Q1,2,February,2014-02,6,4,Tuesday,0
2014-02-05,2014,Q1,2014-Q1,2,February,2014-02,6,5,Wednesday,0
2014-02-06,2014,Q1,2014-Q1,2,February,2014-02,6,6,Thursday,0
2014-02-07,2014,Q1,2014-Q1,2,February,2014-02,6,7,Friday,0
2014-02-08,2014,Q1,2014-Q1,2,February,2014-02,6,8,Saturday,1
2014-02-09,2014,Q1,2014-Q1,2,February,2014-02,6,9,Sunday,1
2014-02-10,2014,Q1,2014-Q1,2,February,2014-02,7,10,Monday,0
2014-02-11,2014,Q1,2014-Q1,2,February,2014-02,7,11,Tuesday,0
2014-02-12,2014,Q1,2014-Q1,2,February,2014-02,7,12,Wednesday,0
2014-02-13,2014,Q1,2014-Q1,2,February,2014-02,7,13,Thursday,0
2014-02-14,2014,Q1,2014-Q1,2,February,2014-02,7,14,Friday,0
2014-02-15,2014,Q1,2014-Q1,2,February,2014-02,7,15,Saturday,1
2014-02-16,2014,Q1,2014-Q1,2,February,2014-02,7,16,Sunday,1
2014-02-17,2014,Q1,2014-Q1,2,February,2014-02,8,17,Monday,0
2014-02-18,2014,Q1,2014-Q1,2,February,2014-02,8,18,Tuesday,0
2014-02-19,2014,Q1,2014-Q1,2,February,2014-02,8,19,Wednesday,0
2014-02-20,2014,Q1,2014-Q1,2,February,2014-02,8,20,Thursday,0
2014-02-21,2014,Q1,2014-Q1,2,February,2014-02,8,21,Friday,0
2014-02-22,2014,Q1,2014-Q1,2,February,2014-02,8,22,Saturday,1
2014-02-23,2014,Q1,2014-Q1,2,February,2014-02,8,23,Sunday,1
2014-02-24,2014,Q1,2014-Q1,2,February,2014-02,9,24,Monday,0
2014-02-25,2014,Q1,2014-Q1,2,February,2014-02,9,25,Tuesday,0
2014-02-26,2014,Q1,2014-Q1,2,February,2014-02,9,26,Wednesday,0
2014-02-27,2014,Q1,2014-Q1,2,February,2014-02,9,27,Thursday,0
2014-02-28,2014,Q1,2014-Q1,2,February,2014-02,9,28,Friday,0
2014-03-01,2014,Q1,2014-Q1,3,March,2014-03,9,1,Saturday,1
2014-03-02,2014,Q1,2014-Q1,3,March,2014-03,9,2,Sunday,1
2014-03-03,2014,Q1,2014-Q1,3,March,2014-03,10,3,Monday,0
2014-03-04,2014,Q1,2014-Q1,3,March,2014-03,10,4,Tuesday,0
2014-03-05,2014,Q1,2014-Q1,3,March,2014-03,10,5,Wednesday,0
2014-03-06,2014,Q1,2014-Q1,3,March,2014-03,10,6,Thursday,0
2014-03-07,2014,Q1,2014-Q1,3,March,2014-03,10,7,Friday,0
2014-03-08,2014,Q1,2014-Q1,3,March,2014-03,10,8,Saturday,1
2014-03-09,2014,Q1,2014-Q1,3,March,2014-03,10,9,Sunday,1
2014-03-10,2014,Q1,2014-Q1,3,March,2014-03,11,10,Monday,0
2014-03-11,2014,Q1,2014-Q1,3,March,2014-03,11,11,Tuesday,0
2014-03-12,2014,Q1,2014-Q1,3,March,2014-03,11,12,Wednesday,0
2014-03-13,2014,Q1,2014-Q1,3,March,2014-03,11,13,Thursday,0
2014-03-14,2014,Q1,2014-Q1,3,March,2014-03,11,14,Friday,0
2014-03-15,2014,Q1,2014-Q1,3,March,2014-03,11,15,Saturday,1
2014-03-16,2014,Q1,2014-Q1,3,March,2014-03,11,16,Sunday,1
2014-03-17,2014,Q1,2014-Q1,3,March,2014-03,12,17,Monday,0
2014-03-18,2014,Q1,2014-Q1,3,March,2014-03,12,18,Tuesday,0
2014-03-19,2014,Q1,2014-Q1,3,March,2014-03,12,19,Wednesday,0
2014-03-20,2014,Q1,2014-Q1,3,March,2014-03,12,20,Thursday,0
2014-03-21,2014,Q1,2014-Q1,3,March,2014-03,12,21,Friday,0
2014-03-22,2014,Q1,2014-Q1,3,March,2014-03,12,22,Saturday,1
2014-03-23,2014,Q1,2014-Q1,3,March,2014-03,12,23,Sunday,1
2014-03-24,2014,Q1,2014-Q1,3,March,2014-03,13,24,Monday,0
2014-03-25,2014,Q1,2014-Q1,3,March,2014-03,13,25,Tuesday,0
2014-03-26,2014,Q1,2014-Q1,3,March,2014-03,13,26,Wednesday,0
2014-03-27,2014,Q1,2014-Q1,3,March,2014-03,13,27,Thursday,0
2014-03-28,2014,Q1,2014-Q1,3,March,2014-03,13,28,Friday,0
2014-03-29,2014,Q1,2014-Q1,3,March,2014-03,13,29,Saturday,1
2014-03-30,2014,Q1,2014-Q1,3,March,2014-03,13,30,Sunday,1
2014-03-31,2014,Q1,2014-Q1,3,March,2014-03,14,31,Monday,0
2014-04-01,2014,Q2,2014-Q2,4,April,2014-04,14,1,Tuesday,0
2014-04-02,2014,Q2,2014-Q2,4,April,2014-04,14,2,Wednesday,0
2014-04-03,2014,Q2,2014-Q2,4,April,2014-04,14,3,Thursday,0
2014-04-04,2014,Q2,2014-Q2,4,April,2014-04,14,4,Friday,0
2014-04-05,2014,Q2,2014-Q2,4,April,2014-04,14,5,Saturday,1
2014-04-06,2014,Q2,2014-Q2,4,April,2014-04,14,6,Sunday,1
2014-04-07,2014,Q2,2014-Q2,4,April,2014-04,15,7,Monday,0
2014-04-08,2014,Q2,2014-Q2,4,April,2014-04,15,8,Tuesday,0
2014-04-09,2014,Q2,2014-Q2,4,April,2014-04,15,9,Wednesday,0
2014-04-10,2014,Q2,2014-Q2,4,April,2014-04,15,10,Thursday,0
2014-04-11,2014,Q2,2014-Q2,4,April,2014-04,15,11,Friday,0
2014-04-12,2014,Q2,2014-Q2,4,April,2014-04,15,12,Saturday,1
2014-04-13,2014,Q2,2014-Q2,4,April,2014-04,15,13,Sunday,1
2014-04-14,2014,Q2,2014-Q2,4,April,2014-04,16,14,Monday,0
2014-04-15,2014,Q2,2014-Q2,4,April,2014-04,16,15,Tuesday,0
2014-04-16,2014,Q2,2014-Q2,4,April,2014-04,16,16,Wednesday,0
2014-04-17,2014,Q2,2014-Q2,4,April,2014-04,16,17,Thursday,0
2014-04-18,2014,Q2,2014-Q2,4,April,2014-04,16,18,Friday,0
2014-04-19,2014,Q2,2014-Q2,4,April,2014-04,16,19,Saturday,1
2014-04-20,2014,Q2,2014-Q2,4,April,2014-04,16,20,Sunday,1
2014-04-21,2014,Q2,2014-Q2,4,April,2014-04,17,21,Monday,0
2014-04-22,2014,Q2,2014-Q2,4,April,2014-04,17,22,Tuesday,0
2014-04-23,2014,Q2,2014-Q2,4,April,2014-04,17,23,Wednesday,0
2014-04-24,2014,Q2,2014-Q2,4,April,2014-04,17,24,Thursday,0
2014-04-25,2014,Q2,2014-Q2,4,April,2014-04,17,25,Friday,0
2014-04-26,2014,Q2,2014-Q2,4,April,2014-04,17,26,Saturday,1
2014-04-27,2014,Q2,2014-Q2,4,April,2014-04,17,27,Sunday,1
2014-04-28,2014,Q2,2014-Q2,4,April,2014-04,18,28,Monday,0
2014-04-29,2014,Q2,2014-Q2,4,April,2014-04,18,29,Tuesday,0
2014-04-30,2014,Q2,2014-Q2,4,April,2014-04,18,30,Wednesday,0
2014-05-01,2014,Q2,2014-Q2,5,May,2014-05,18,1,Thursday,0
2014-05-02,2014,Q2,2014-Q2,5,May,2014-05,18,2,Friday,0
2014-05-03,2014,Q2,2014-Q2,5,May,2014-05,18,3,Saturday,1
2014-05-04,2014,Q2,2014-Q2,5,May,2014-05,18,4,Sunday,1
2014-05-05,2014,Q2,2014-Q2,5,May,2014-05,19,5,Monday,0
2014-05-06,2014,Q2,2014-Q2,5,May,2014-05,19,6,Tuesday,0
2014-05-07,2014,Q2,2014-Q2,5,May,2014-05,19,7,Wednesday,0
2014-05-08,2014,Q2,2014-Q2,5,May,2014-05,19,8,Thursday,0
2014-05-09,2014,Q2,2014-Q2,5,May,2014-05,19,9,Friday,0
2014-05-10,2014,Q2,2014-Q2,5,May,2014-05,19,10,Saturday,1
2014-05-11,2014,Q2,2014-Q2,5,May,2014-05,19,11,Sunday,1
2014-05-12,2014,Q2,2014-Q2,5,May,2014-05,20,12,Monday,0
2014-05-13,2014,Q2,2014-Q2,5,May,2014-05,20,13,Tuesday,0
2014-05-14,2014,Q2,2014-Q2,5,May,2014-05,20,14,Wednesday,0
2014-05-15,2014,Q2,2014-Q2,5,May,2014-05,20,15,Thursday,0
2014-05-16,2014,Q2,2014-Q2,5,May,2014-05,20,16,Friday,0
2014-05-17,2014,Q2,2014-Q2,5,May,2014-05,20,17,Saturday,1
2014-05-18,2014,Q2,2014-Q2,5,May,2014-05,20,18,Sunday,1
2014-05-19,2014,Q2,2014-Q2,5,May,2014-05,21,19,Monday,0
2014-05-20,2014,Q2,2014-Q2,5,May,2014-05,21,20,Tuesday,0
2014-05-21,2014,Q2,2014-Q2,5,May,2014-05,21,21,Wednesday,0
2014-05-22,2014,Q2,2014-Q2,5,May,2014-05,21,22,Thursday,0
2014-05-23,2014,Q2,2014-Q2,5,May,2014-05,21,23,Friday,0
2014-05-24,2014,Q2,2014-Q2,5,May,2014-05,21,24,Saturday,1
2014-05-25,2014,Q2,2014-Q2,5,May,2014-05,21,25,Sunday,1
2014-05-26,2014,Q2,2014-Q2,5,May,2014-05,22,26,Monday,0
2014-05-27,2014,Q2,2014-Q2,5,May,2014-05,22,27,Tuesday,0
2014-05-28,2014,Q2,2014-Q2,5,May,2014-05,22,28,Wednesday,0
2014-05-29,2014,Q2,2014-Q2,5,May,2014-05,22,29,Thursday,0
2014-05-30,2014,Q2,2014-Q2,5,May,2014-05,22,30,Friday,0
2014-05-31,2014,Q2,2014-Q2,5,May,2014-05,22,31,Saturday,1
2014-06-01,2014,Q2,2014-Q2,6,June,2014-06,22,1,Sunday,1
2014-06-02,2014,Q2,2014-Q2,6,June,2014-06,23,2,Monday,0
2014-06-03,2014,Q2,2014-Q2,6,June,2014-06,23,3,Tuesday,0
2014-06-04,2014,Q2,2014-Q2,6,June,2014-06,23,4,Wednesday,0
2014-06-05,2014,Q2,2014-Q2,6,June,2014-06,23,5,Thursday,0
2014-06-06,2014,Q2,2014-Q2,6,June,2014-06,23,6,Friday,0
2014-06-07,2014,Q2,2014-Q2,6,June,2014-06,23,7,Saturday,1
2014-06-08,2014,Q2,2014-Q2,6,June,2014-06,23,8,Sunday,1
2014-06-09,2014,Q2,2014-Q2,6,June,2014-06,24,9,Monday,0
2014-06-10,2014,Q2,2014-Q2,6,June,2014-06,24,10,Tuesday,0
2014-06-11,2014,Q2,2014-Q2,6,June,2014-06,24,11,Wednesday,0
2014-06-12,2014,Q2,2014-Q2,6,June,2014-06,24,12,Thursday,0
2014-06-13,2014,Q2,2014-Q2,6,June,2014-06,24,13,Friday,0
2014-06-14,2014,Q2,2014-Q2,6,June,2014-06,24,14,Saturday,1
2014-06-15,2014,Q2,2014-Q2,6,June,2014-06,24,15,Sunday,1
2014-06-16,2014,Q2,2014-Q2,6,June,2014-06,25,16,Monday,0
2014-06-17,2014,Q2,2014-Q2,6,June,2014-06,25,17,Tuesday,0
2014-06-18,2014,Q2,2014-Q2,6,June,2014-06,25,18,Wednesday,0
2014-06-19,2014,Q2,2014-Q2,6,June,2014-06,25,19,Thursday,0
2014-06-20,2014,Q2,2014-Q2,6,June,2014-06,25,20,Friday,0
2014-06-21,2014,Q2,2014-Q2,6,June,2014-06,25,21,Saturday,1
2014-06-22,2014,Q2,2014-Q2,6,June,2014-06,25,22,Sunday,1
2014-06-23,2014,Q2,2014-Q2,6,June,2014-06,26,23,Monday,0
2014-06-24,2014,Q2,2014-Q2,6,June,2014-06,26,24,Tuesday,0
2014-06-25,2014,Q2,2014-Q2,6,June,2014-06,26,25,Wednesday,0
2014-06-26,2014,Q2,2014-Q2,6,June,2014-06,26,26,Thursday,0
2014-06-27,2014,Q2,2014-Q2,6,June,2014-06,26,27,Friday,0
2014-06-28,2014,Q2,2014-Q2,6,June,2014-06,26,28,Saturday,1
2014-06-29,2014,Q2,2014-Q2,6,June,2014-06,26,29,Sunday,1
2014-06-30,2014,Q2,2014-Q2,6,June,2014-06,27,30,Monday,0
2014-07-01,2014,Q3,2014-Q3,7,July,2014-07,27,1,Tuesday,0
2014-07-02,2014,Q3,2014-Q3,7,July,2014-07,27,2,Wednesday,0
2014-07-03,2014,Q3,2014-Q3,7,July,2014-07,27,3,Thursday,0
2014-07-04,2014,Q3,2014-Q3,7,July,2014-07,27,4,Friday,0
2014-07-05,2014,Q3,2014-Q3,7,July,2014-07,27,5,Saturday,1
2014-07-06,2014,Q3,2014-Q3,7,July,2014-07,27,6,Sunday,1
2014-07-07,2014,Q3,2014-Q3,7,July,2014-07,28,7,Monday,0
2014-07-08,2014,Q3,2014-Q3,7,July,2014-07,28,8,Tuesday,0
2014-07-09,2014,Q3,2014-Q3,7,July,2014-07,28,9,Wednesday,0
2014-07-10,2014,Q3,2014-Q3,7,July,2014-07,28,10,Thursday,0
2014-07-11,2014,Q3,2014-Q3,7,July,2014-07,28,11,Friday,0
2014-07-12,2014,Q3,2014-Q3,7,July,2014-07,28,12,Saturday,1
2014-07-13,2014,Q3,2014-Q3,7,July,2014-07,28,13,Sunday,1
2014-07-14,2014,Q3,2014-Q3,7,July,2014-07,29,14,Monday,0
2014-07-15,2014,Q3,2014-Q3,7,July,2014-07,29,15,Tuesday,0
2014-07-16,2014,Q3,2014-Q3,7,July,2014-07,29,16,Wednesday,0
2014-07-17,2014,Q3,2014-Q3,7,July,2014-07,29,17,Thursday,0
2014-07-18,2014,Q3,2014-Q3,7,July,2014-07,29,18,Friday,0
2014-07-19,2014,Q3,2014-Q3,7,July,2014-07,29,19,Saturday,1
2014-07-20,2014,Q3,2014-Q3,7,July,2014-07,29,20,Sunday,1
2014-07-21,2014,Q3,2014-Q3,7,July,2014-07,30,21,Monday,0
2014-07-22,2014,Q3,2014-Q3,7,July,2014-07,30,22,Tuesday,0
2014-07-23,2014,Q3,2014-Q3,7,July,2014-07,30,23,Wednesday,0
2014-07-24,2014,Q3,2014-Q3,7,July,2014-07,30,24,Thursday,0
2014-07-25,2014,Q3,2014-Q3,7,July,2014-07,30,25,Friday,0
2014-07-26,2014,Q3,2014-Q3,7,July,2014-07,30,26,Saturday,1
2014-07-27,2014,Q3,2014-Q3,7,July,2014-07,30,27,Sunday,1
2014-07-28,2014,Q3,2014-Q3,7,July,2014-07,31,28,Monday,0
2014-07-29,2014,Q3,2014-Q3,7,July,2014-07,31,29,Tuesday,0
2014-07-30,2014,Q3,2014-Q3,7,July,2014-07,31,30,Wednesday,0
2014-07-31,2014,Q3,2014-Q3,7,July,2014-07,31,31,Thursday,0
2014-08-01,2014,Q3,2014-Q3,8,August,2014-08,31,1,Friday,0
2014-08-02,2014,Q3,2014-Q3,8,August,2014-08,31,2,Saturday,1
2014-08-03,2014,Q3,2014-Q3,8,August,2014-08,31,3,Sunday,1
2014-08-04,2014,Q3,2014-Q3,8,August,2014-08,32,4,Monday,0
2014-08-05,2014,Q3,2014-Q3,8,August,2014-08,32,5,Tuesday,0
2014-08-06,2014,Q3,2014-Q3,8,August,2014-08,32,6,Wednesday,0
2014-08-07,2014,Q3,2014-Q3,8,August,2014-08,32,7,Thursday,0
2014-08-08,2014,Q3,2014-Q3,8,August,2014-08,32,8,Friday,0
2014-08-09,2014,Q3,2014-Q3,8,August,2014-08,32,9,Saturday,1
2014-08-10,2014,Q3,2014-Q3,8,August,2014-08,32,10,Sunday,1
2014-08-11,2014,Q3,2014-Q3,8,August,2014-08,33,11,Monday,0
2014-08-12,2014,Q3,2014-Q3,8,August,2014-08,33,12,Tuesday,0
2014-08-13,2014,Q3,2014-Q3,8,August,2014-08,33,13,Wednesday,0
2014-08-14,2014,Q3,2014-Q3,8,August,2014-08,33,14,Thursday,0
2014-08-15,2014,Q3,2014-Q3,8,August,2014-08,33,15,Friday,0
2014-08-16,2014,Q3,2014-Q3,8,August,2014-08,33,16,Saturday,1
2014-08-17,2014,Q3,2014-Q3,8,August,2014-08,33,17,Sunday,1
2014-08-18,2014,Q3,2014-Q3,8,August,2014-08,34,18,Monday,0
2014-08-19,2014,Q3,2014-Q3,8,August,2014-08,34,19,Tuesday,0
2014-08-20,2014,Q3,2014-Q3,8,August,2014-08,34,20,Wednesday,0
2014-08-21,2014,Q3,2014-Q3,8,August,2014-08,34,21,Thursday,0
2014-08-22,2014,Q3,2014-Q3,8,August,2014-08,34,22,Friday,0
2014-08-23,2014,Q3,2014-Q3,8,August,2014-08,34,23,Saturday,1
2014-08-24,2014,Q3,2014-Q3,8,August,2014-08,34,24,Sunday,1
2014-08-25,2014,Q3,2014-Q3,8,August,2014-08,35,25,Monday,0
2014-08-26,2014,Q3,2014-Q3,8,August,2014-08,35,26,Tuesday,0
2014-08-27,2014,Q3,2014-Q3,8,August,2014-08,35,27,Wednesday,0
2014-08-28,2014,Q3,2014-Q3,8,August,2014-08,35,28,Thursday,0
2014-08-29,2014,Q3,2014-Q3,8,August,2014-08,35,29,Friday,0
2014-08-30,2014,Q3,2014-Q3,8,August,2014-08,35,30,Saturday,1
2014-08-31,2014,Q3,2014-Q3,8,August,2014-08,35,31,Sunday,1
2014-09-01,2014,Q3,2014-Q3,9,September,2014-09,36,1,Monday,0
2014-09-02,2014,Q3,2014-Q3,9,September,2014-09,36,2,Tuesday,0
2014-09-03,2014,Q3,2014-Q3,9,September,2014-09,36,3,Wednesday,0
2014-09-04,2014,Q3,2014-Q3,9,September,2014-09,36,4,Thursday,0
2014-09-05,2014,Q3,2014-Q3,9,September,2014-09,36,5,Friday,0
2014-09-06,2014,Q3,2014-Q3,9,September,2014-09,36,6,Saturday,1
2014-09-07,2014,Q3,2014-Q3,9,September,2014-09,36,7,Sunday,1
2014-09-08,2014,Q3,2014-Q3,9,September,2014-09,37,8,Monday,0
2014-09-09,2014,Q3,2014-Q3,9,September,2014-09,37,9,Tuesday,0
2014-09-10,2014,Q3,2014-Q3,9,September,2014-09,37,10,Wednesday,0
2014-09-11,2014,Q3,2014-Q3,9,September,2014-09,37,11,Thursday,0
2014-09-12,2014,Q3,2014-Q3,9,September,2014-09,37,12,Friday,0
2014-09-13,2014,Q3,2014-Q3,9,September,2014-09,37,13,Saturday,1
2014-09-14,2014,Q3,2014-Q3,9,September,2014-09,37,14,Sunday,1
2014-09-15,2014,Q3,2014-Q3,9,September,2014-09,38,15,Monday,0
2014-09-16,2014,Q3,2014-Q3,9,September,2014-09,38,16,Tuesday,0
2014-09-17,2014,Q3,2014-Q3,9,September,2014-09,38,17,Wednesday,0
2014-09-18,2014,Q3,2014-Q3,9,September,2014-09,38,18,Thursday,0
2014-09-19,2014,Q3,2014-Q3,9,September,2014-09,38,19,Friday,0
2014-09-20,2014,Q3,2014-Q3,9,September,2014-09,38,20,Saturday,1
2014-09-21,2014,Q3,2014-Q3,9,September,2014-09,38,21,Sunday,1
2014-09-22,2014,Q3,2014-Q3,9,September,2014-09,39,22,Monday,0
2014-09-23,2014,Q3,2014-Q3,9,September,2014-09,39,23,Tuesday,0
2014-09-24,2014,Q3,2014-Q3,9,September,2014-09,39,24,Wednesday,0
2014-09-25,2014,Q3,2014-Q3,9,September,2014-09,39,25,Thursday,0
2014-09-26,2014,Q3,2014-Q3,9,September,2014-09,39,26,Friday,0
2014-09-27,2014,Q3,2014-Q3,9,September,2014-09,39,27,Saturday,1
2014-09-28,2014,Q3,2014-Q3,9,September,2014-09,39,28,Sunday,1
2014-09-29,2014,Q3,2014-Q3,9,September,2014-09,40,29,Monday,0
2014-09-30,2014,Q3,2014-Q3,9,September,2014-09,40,30,Tuesday,0
2014-10-01,2014,Q4,2014-Q4,10,October,2014-10,40,1,Wednesday,0
2014-10-02,2014,Q4,2014-Q4,10,October,2014-10,40,2,Thursday,0
2014-10-03,2014,Q4,2014-Q4,10,October,2014-10,40,3,Friday,0
2014-10-04,2014,Q4,2014-Q4,10,October,2014-10,40,4,Saturday,1
2014-10-05,2014,Q4,2014-Q4,10,October,2014-10,40,5,Sunday,1
2014-10-06,2014,Q4,2014-Q4,10,October,2014-10,41,6,Monday,0
2014-10-07,2014,Q4,2014-Q4,10,October,2014-10,41,7,Tuesday,0
2014-10-08,2014,Q4,2014-Q4,10,October,2014-10,41,8,Wednesday,0
2014-10-09,2014,Q4,2014-Q4,10,October,2014-10,41,9,Thursday,0
2014-10-10,2014,Q4,2014-Q4,10,October,2014-10,41,10,Friday,0
2014-10-11,2014,Q4,2014-Q4,10,October,2014-10,41,11,Saturday,1
2014-10-12,2014,Q4,2014-Q4,10,October,2014-10,41,12,Sunday,1
2014-10-13,2014,Q4,2014-Q4,10,October,2014-10,42,13,Monday,0
2014-10-14,2014,Q4,2014-Q4,10,October,2014-10,42,14,Tuesday,0
2014-10-15,2014,Q4,2014-Q4,10,October,2014-10,42,15,Wednesday,0
2014-10-16,2014,Q4,2014-Q4,10,October,2014-10,42,16,Thursday,0
2014-10-17,2014,Q4,2014-Q4,10,October,2014-10,42,17,Friday,0
2014-10-18,2014,Q4,2014-Q4,10,October,2014-10,42,18,Saturday,1
2014-10-19,2014,Q4,2014-Q4,10,October,2014-10,42,19,Sunday,1
2014-10-20,2014,Q4,2014-Q4,10,October,2014-10,43,20,Monday,0
2014-10-21,2014,Q4,2014-Q4,10,October,2014-10,43,21,Tuesday,0
2014-10-22,2014,Q4,2014-Q4,10,October,2014-10,43,22,Wednesday,0
2014-10-23,2014,Q4,2014-Q4,10,October,2014-10,43,23,Thursday,0
2014-10-24,2014,Q4,2014-Q4,10,October,2014-10,43,24,Friday,0
2014-10-25,2014,Q4,2014-Q4,10,October,2014-10,43,25,Saturday,1
2014-10-26,2014,Q4,2014-Q4,10,October,2014-10,43,26,Sunday,1
2014-10-27,2014,Q4,2014-Q4,10,October,2014-10,44,27,Monday,0
2014-10-28,2014,Q4,2014-Q4,10,October,2014-10,44,28,Tuesday,0
2014-10-29,2014,Q4,2014-Q4,10,October,2014-10,44,29,Wednesday,0
2014-10-30,2014,Q4,2014-Q4,10,October,2014-10,44,30,Thursday,0
2014-10-31,2014,Q4,2014-Q4,10,October,2014-10,44,31,Friday,0
2014-11-01,2014,Q4,2014-Q4,11,November,2014-11,44,1,Saturday,1
2014-11-02,2014,Q4,2014-Q4,11,November,2014-11,44,2,Sunday,1
2014-11-03,2014,Q4,2014-Q4,11,November,2014-11,45,3,Monday,0
2014-11-04,2014,Q4,2014-Q4,11,November,2014-11,45,4,Tuesday,0
2014-11-05,2014,Q4,2014-Q4,11,November,2014-11,45,5,Wednesday,0
2014-11-06,2014,Q4,2014-Q4,11,November,2014-11,45,6,Thursday,0
2014-11-07,2014,Q4,2014-Q4,11,November,2014-11,45,7,Friday,0
2014-11-08,2014,Q4,2014-Q4,11,November,2014-11,45,8,Saturday,1
2014-11-09,2014,Q4,2014-Q4,11,November,2014-11,45,9,Sunday,1
2014-11-10,2014,Q4,2014-Q4,11,November,2014-11,46,10,Monday,0
2014-11-11,2014,Q4,2014-Q4,11,November,2014-11,46,11,Tuesday,0
2014-11-12,2014,Q4,2014-Q4,11,November,2014-11,46,12,Wednesday,0
2014-11-13,2014,Q4,2014-Q4,11,November,2014-11,46,13,Thursday,0
2014-11-14,2014,Q4,2014-Q4,11,November,2014-11,46,14,Friday,0
2014-11-15,2014,Q4,2014-Q4,11,November,2014-11,46,15,Saturday,1
2014-11-16,2014,Q4,2014-Q4,11,November,2014-11,46,16,Sunday,1
2014-11-17,2014,Q4,2014-Q4,11,November,2014-11,47,17,Monday,0
2014-11-18,2014,Q4,2014-Q4,11,November,2014-11,47,18,Tuesday,0
2014-11-19,2014,Q4,2014-Q4,11,November,2014-11,47,19,Wednesday,0
2014-11-20,2014,Q4,2014-Q4,11,November,2014-11,47,20,Thursday,0
2014-11-21,2014,Q4,2014-Q4,11,November,2014-11,47,21,Friday,0
2014-11-22,2014,Q4,2014-Q4,11,November,2014-11,47,22,Saturday,1
2014-11-23,2014,Q4,2014-Q4,11,November,2014-11,47,23,Sunday,1
2014-11-24,2014,Q4,2014-Q4,11,November,2014-11,48,24,Monday,0
2014-11-25,2014,Q4,2014-Q4,11,November,2014-11,48,25,Tuesday,0
2014-11-26,2014,Q4,2014-Q4,11,November,2014-11,48,26,Wednesday,0
2014-11-27,2014,Q4,2014-Q4,11,November,2014-11,48,27,Thursday,0
2014-11-28,2014,Q4,2014-Q4,11,November,2014-11,48,28,Friday,0
2014-11-29,2014,Q4,2014-Q4,11,November,2014-11,48,29,Saturday,1
2014-11-30,2014,Q4,2014-Q4,11,November,2014-11,48,30,Sunday,1
2014-12-01,2014,Q4,2014-Q4,12,December,2014-12,49,1,Monday,0
2014-12-02,2014,Q4,2014-Q4,12,December,2014-12,49,2,Tuesday,0
2014-12-03,2014,Q4,2014-Q4,12,December,2014-12,49,3,Wednesday,0
2014-12-04,2014,Q4,2014-Q4,12,December,2014-12,49,4,Thursday,0
2014-12-05,2014,Q4,2014-Q4,12,December,2014-12,49,5,Friday,0
2014-12-06,2014,Q4,2014-Q4,12,December,2014-12,49,6,Saturday,1
2014-12-07,2014,Q4,2014-Q4,12,December,2014-12,49,7,Sunday,1
2014-12-08,2014,Q4,2014-Q4,12,December,2014-12,50,8,Monday,0
2014-12-09,2014,Q4,2014-Q4,12,December,2014-12,50,9,Tuesday,0
2014-12-10,2014,Q4,2014-Q4,12,December,2014-12,50,10,Wednesday,0
2014-12-11,2014,Q4,2014-Q4,12,December,2014-12,50,11,Thursday,0
2014-12-12,2014,Q4,2014-Q4,12,December,2014-12,50,12,Friday,0
2014-12-13,2014,Q4,2014-Q4,12,December,2014-12,50,13,Saturday,1
2014-12-14,2014,Q4,2014-Q4,12,December,2014-12,50,14,Sunday,1
2014-12-15,2014,Q4,2014-Q4,12,December,2014-12,51,15,Monday,0
2014-12-16,2014,Q4,2014-Q4,12,December,2014-12,51,16,Tuesday,0
2014-12-17,2014,Q4,2014-Q4,12,December,2014-12,51,17,Wednesday,0
2014-12-18,2014,Q4,2014-Q4,12,December,2014-12,51,18,Thursday,0
2014-12-19,2014,Q4,2014-Q4,12,December,2014-12,51,19,Friday,0
2014-12-20,2014,Q4,2014-Q4,12,December,2014-12,51,20,Saturday,1
2014-12-21,2014,Q4,2014-Q4,12,December,2014-12,51,21,Sunday,1
2014-12-22,2014,Q4,2014-Q4,12,December,2014-12,52,22,Monday,0
2014-12-23,2014,Q4,2014-Q4,12,December,2014-12,52,23,Tuesday,0
2014-12-24,2014,Q4,2014-Q4,12,December,2014-12,52,24,Wednesday,0
2014-12-25,2014,Q4,2014-Q4,12,December,2014-12,52,25,Thursday,0
2014-12-26,2014,Q4,2014-Q4,12,December,2014-12,52,26,Friday,0
2014-12-27,2014,Q4,2014-Q4,12,December,2014-12,52,27,Saturday,1
2014-12-28,2014,Q4,2014-Q4,12,December,2014-12,52,28,Sunday,1
2014-12-29,2014,Q4,2014-Q4,12,December,2014-12,1,29,Monday,0
2014-12-30,2014,Q4,2014-Q4,12,December,2014-12,1,30,Tuesday,0
2014-12-31,2014,Q4,2014-Q4,12,December,2014-12,1,31,Wednesday,0
2015-01-01,2015,Q1,2015-Q1,1,January,2015-01,1,1,Thursday,0
2015-01-02,2015,Q1,2015-Q1,1,January,2015-01,1,2,Friday,0
2015-01-03,2015,Q1,2015-Q1,1,January,2015-01,1,3,Saturday,1
2015-01-04,2015,Q1,2015-Q1,1,January,2015-01,1,4,Sunday,1
2015-01-05,2015,Q1,2015-Q1,1,January,2015-01,2,5,Monday,0
2015-01-06,2015,Q1,2015-Q1,1,January,2015-01,2,6,Tuesday,0
2015-01-07,2015,Q1,2015-Q1,1,January,2015-01,2,7,Wednesday,0
2015-01-08,2015,Q1,2015-Q1,1,January,2015-01,2,8,Thursday,0
2015-01-09,2015,Q1,2015-Q1,1,January,2015-01,2,9,Friday,0
2015-01-10,2015,Q1,2015-Q1,1,January,2015-01,2,10,Saturday,1
2015-01-11,2015,Q1,2015-Q1,1,January,2015-01,2,11,Sunday,1
2015-01-12,2015,Q1,2015-Q1,1,January,2015-01,3,12,Monday,0
2015-01-13,2015,Q1,2015-Q1,1,January,2015-01,3,13,Tuesday,0
2015-01-14,2015,Q1,2015-Q1,1,January,2015-01,3,14,Wednesday,0
2015-01-15,2015,Q1,2015-Q1,1,January,2015-01,3,15,Thursday,0
2015-01-16,2015,Q1,2015-Q1,1,January,2015-01,3,16,Friday,0
2015-01-17,2015,Q1,2015-Q1,1,January,2015-01,3,17,Saturday,1
2015-01-18,2015,Q1,2015-Q1,1,January,2015-01,3,18,Sunday,1
2015-01-19,2015,Q1,2015-Q1,1,January,2015-01,4,19,Monday,0
2015-01-20,2015,Q1,2015-Q1,1,January,2015-01,4,20,Tuesday,0
2015-01-21,2015,Q1,2015-Q1,1,January,2015-01,4,21,Wednesday,0
2015-01-22,2015,Q1,2015-Q1,1,January,2015-01,4,22,Thursday,0
2015-01-23,2015,Q1,2015-Q1,1,January,2015-01,4,23,Friday,0
2015-01-24,2015,Q1,2015-Q1,1,January,2015-01,4,24,Saturday,1
2015-01-25,2015,Q1,2015-Q1,1,January,2015-01,4,25,Sunday,1
2015-01-26,2015,Q1,2015-Q1,1,January,2015-01,5,26,Monday,0
2015-01-27,2015,Q1,2015-Q1,1,January,2015-01,5,27,Tuesday,0
2015-01-28,2015,Q1,2015-Q1,1,January,2015-01,5,28,Wednesday,0
2015-01-29,2015,Q1,2015-Q1,1,January,2015-01,5,29,Thursday,0
2015-01-30,2015,Q1,2015-Q1,1,January,2015-01,5,30,Friday,0
2015-01-31,2015,Q1,2015-Q1,1,January,2015-01,5,31,Saturday,1
2015-02-01,2015,Q1,2015-Q1,2,February,2015-02,5,1,Sunday,1
2015-02-02,2015,Q1,2015-Q1,2,February,2015-02,6,2,Monday,0
2015-02-03,2015,Q1,2015-Q1,2,February,2015-02,6,3,Tuesday,0
2015-02-04,2015,Q1,2015-Q1,2,February,2015-02,6,4,Wednesday,0
2015-02-05,2015,Q1,2015-Q1,2,February,2015-02,6,5,Thursday,0
2015-02-06,2015,Q1,2015-Q1,2,February,2015-02,6,6,Friday,0
2015-02-07,2015,Q1,2015-Q1,2,February,2015-02,6,7,Saturday,1
2015-02-08,2015,Q1,2015-Q1,2,February,2015-02,6,8,Sunday,1
2015-02-09,2015,Q1,2015-Q1,2,February,2015-02,7,9,Monday,0
2015-02-10,2015,Q1,2015-Q1,2,February,2015-02,7,10,Tuesday,0
2015-02-11,2015,Q1,2015-Q1,2,February,2015-02,7,11,Wednesday,0
2015-02-12,2015,Q1,2015-Q1,2,February,2015-02,7,12,Thursday,0
2015-02-13,2015,Q1,2015-Q1,2,February,2015-02,7,13,Friday,0
2015-02-14,2015,Q1,2015-Q1,2,February,2015-02,7,14,Saturday,1
2015-02-15,2015,Q1,2015-Q1,2,February,2015-02,7,15,Sunday,1
2015-02-16,2015,Q1,2015-Q1,2,February,2015-02,8,16,Monday,0
2015-02-17,2015,Q1,2015-Q1,2,February,2015-02,8,17,Tuesday,0
2015-02-18,2015,Q1,2015-Q1,2,February,2015-02,8,18,Wednesday,0
2015-02-19,2015,Q1,2015-Q1,2,February,2015-02,8,19,Thursday,0
2015-02-20,2015,Q1,2015-Q1,2,February,2015-02,8,20,Friday,0
2015-02-21,2015,Q1,2015-Q1,2,February,2015-02,8,21,Saturday,1
2015-02-22,2015,Q1,2015-Q1,2,February,2015-02,8,22,Sunday,1
2015-02-23,2015,Q1,2015-Q1,2,February,2015-02,9,23,Monday,0
2015-02-24,2015,Q1,2015-Q1,2,February,2015-02,9,24,Tuesday,0
2015-02-25,2015,Q1,2015-Q1,2,February,2015-02,9,25,Wednesday,0
2015-02-26,2015,Q1,2015-Q1,2,February,2015-02,9,26,Thursday,0
2015-02-27,2015,Q1,2015-Q1,2,February,2015-02,9,27,Friday,0
2015-02-28,2015,Q1,2015-Q1,2,February,2015-02,9,28,Saturday,1
2015-03-01,2015,Q1,2015-Q1,3,March,2015-03,9,1,Sunday,1
2015-03-02,2015,Q1,2015-Q1,3,March,2015-03,10,2,Monday,0
2015-03-03,2015,Q1,2015-Q1,3,March,2015-03,10,3,Tuesday,0
2015-03-04,2015,Q1,2015-Q1,3,March,2015-03,10,4,Wednesday,0
2015-03-05,2015,Q1,2015-Q1,3,March,2015-03,10,5,Thursday,0
2015-03-06,2015,Q1,2015-Q1,3,March,2015-03,10,6,Friday,0
2015-03-07,2015,Q1,2015-Q1,3,March,2015-03,10,7,Saturday,1
2015-03-08,2015,Q1,2015-Q1,3,March,2015-03,10,8,Sunday,1
2015-03-09,2015,Q1,2015-Q1,3,March,2015-03,11,9,Monday,0
2015-03-10,2015,Q1,2015-Q1,3,March,2015-03,11,10,Tuesday,0
2015-03-11,2015,Q1,2015-Q1,3,March,2015-03,11,11,Wednesday,0
2015-03-12,2015,Q1,2015-Q1,3,March,2015-03,11,12,Thursday,0
2015-03-13,2015,Q1,2015-Q1,3,March,2015-03,11,13,Friday,0
2015-03-14,2015,Q1,2015-Q1,3,March,2015-03,11,14,Saturday,1
2015-03-15,2015,Q1,2015-Q1,3,March,2015-03,11,15,Sunday,1
2015-03-16,2015,Q1,2015-Q1,3,March,2015-03,12,16,Monday,0
2015-03-17,2015,Q1,2015-Q1,3,March,2015-03,12,17,Tuesday,0
2015-03-18,2015,Q1,2015-Q1,3,March,2015-03,12,18,Wednesday,0
2015-03-19,2015,Q1,2015-Q1,3,March,2015-03,12,19,Thursday,0
2015-03-20,2015,Q1,2015-Q1,3,March,2015-03,12,20,Friday,0
2015-03-21,2015,Q1,2015-Q1,3,March,2015-03,12,21,Saturday,1
2015-03-22,2015,Q1,2015-Q1,3,March,2015-03,12,22,Sunday,1
2015-03-23,2015,Q1,2015-Q1,3,March,2015-03,13,23,Monday,0
2015-03-24,2015,Q1,2015-Q1,3,March,2015-03,13,24,Tuesday,0
2015-03-25,2015,Q1,2015-Q1,3,March,2015-03,13,25,Wednesday,0
2015-03-26,2015,Q1,2015-Q1,3,March,2015-03,13,26,Thursday,0
2015-03-27,2015,Q1,2015-Q1,3,March,2015-03,13,27,Friday,0
2015-03-28,2015,Q1,2015-Q1,3,March,2015-03,13,28,Saturday,1
2015-03-29,2015,Q1,2015-Q1,3,March,2015-03,13,29,Sunday,1
2015-03-30,2015,Q1,2015-Q1,3,March,2015-03,14,30,Monday,0
2015-03-31,2015,Q1,2015-Q1,3,March,2015-03,14,31,Tuesday,0
2015-04-01,2015,Q2,2015-Q2,4,April,2015-04,14,1,Wednesday,0
2015-04-02,2015,Q2,2015-Q2,4,April,2015-04,14,2,Thursday,0
2015-04-03,2015,Q2,2015-Q2,4,April,2015-04,14,3,Friday,0
2015-04-04,2015,Q2,2015-Q2,4,April,2015-04,14,4,Saturday,1
2015-04-05,2015,Q2,2015-Q2,4,April,2015-04,14,5,Sunday,1
2015-04-06,2015,Q2,2015-Q2,4,April,2015-04,15,6,Monday,0
2015-04-07,2015,Q2,2015-Q2,4,April,2015-04,15,7,Tuesday,0
2015-04-08,2015,Q2,2015-Q2,4,April,2015-04,15,8,Wednesday,0
2015-04-09,2015,Q2,2015-Q2,4,April,2015-04,15,9,Thursday,0
2015-04-10,2015,Q2,2015-Q2,4,April,2015-04,15,10,Friday,0
2015-04-11,2015,Q2,2015-Q2,4,April,2015-04,15,11,Saturday,1
2015-04-12,2015,Q2,2015-Q2,4,April,2015-04,15,12,Sunday,1
2015-04-13,2015,Q2,2015-Q2,4,April,2015-04,16,13,Monday,0
2015-04-14,2015,Q2,2015-Q2,4,April,2015-04,16,14,Tuesday,0
2015-04-15,2015,Q2,2015-Q2,4,April,2015-04,16,15,Wednesday,0
2015-04-16,2015,Q2,2015-Q2,4,April,2015-04,16,16,Thursday,0
2015-04-17,2015,Q2,2015-Q2,4,April,2015-04,16,17,Friday,0
2015-04-18,2015,Q2,2015-Q2,4,April,2015-04,16,18,Saturday,1
2015-04-19,2015,Q2,2015-Q2,4,April,2015-04,16,19,Sunday,1
2015-04-20,2015,Q2,2015-Q2,4,April,2015-04,17,20,Monday,0
2015-04-21,2015,Q2,2015-Q2,4,April,2015-04,17,21,Tuesday,0
2015-04-22,2015,Q2,2015-Q2,4,April,2015-04,17,22,Wednesday,0
2015-04-23,2015,Q2,2015-Q2,4,April,2015-04,17,23,Thursday,0
2015-04-24,2015,Q2,2015-Q2,4,April,2015-04,17,24,Friday,0
2015-04-25,2015,Q2,2015-Q2,4,April,2015-04,17,25,Saturday,1
2015-04-26,2015,Q2,2015-Q2,4,April,2015-04,17,26,Sunday,1
2015-04-27,2015,Q2,2015-Q2,4,April,2015-04,18,27,Monday,0
2015-04-28,2015,Q2,2015-Q2,4,April,2015-04,18,28,Tuesday,0
2015-04-29,2015,Q2,2015-Q2,4,April,2015-04,18,29,Wednesday,0
2015-04-30,2015,Q2,2015-Q2,4,April,2015-04,18,30,Thursday,0
2015-05-01,2015,Q2,2015-Q2,5,May,2015-05,18,1,Friday,0
2015-05-02,2015,Q2,2015-Q2,5,May,2015-05,18,2,Saturday,1
2015-05-03,2015,Q2,2015-Q2,5,May,2015-05,18,3,Sunday,1
2015-05-04,2015,Q2,2015-Q2,5,May,2015-05,19,4,Monday,0
2015-05-05,2015,Q2,2015-Q2,5,May,2015-05,19,5,Tuesday,0
2015-05-06,2015,Q2,2015-Q2,5,May,2015-05,19,6,Wednesday,0
2015-05-07,2015,Q2,2015-Q2,5,May,2015-05,19,7,Thursday,0
2015-05-08,2015,Q2,2015-Q2,5,May,2015-05,19,8,Friday,0
2015-05-09,2015,Q2,2015-Q2,5,May,2015-05,19,9,Saturday,1
2015-05-10,2015,Q2,2015-Q2,5,May,2015-05,19,10,Sunday,1
2015-05-11,2015,Q2,2015-Q2,5,May,2015-05,20,11,Monday,0
2015-05-12,2015,Q2,2015-Q2,5,May,2015-05,20,12,Tuesday,0
2015-05-13,2015,Q2,2015-Q2,5,May,2015-05,20,13,Wednesday,0
2015-05-14,2015,Q2,2015-Q2,5,May,2015-05,20,14,Thursday,0
2015-05-15,2015,Q2,2015-Q2,5,May,2015-05,20,15,Friday,0
2015-05-16,2015,Q2,2015-Q2,5,May,2015-05,20,16,Saturday,1
2015-05-17,2015,Q2,2015-Q2,5,May,2015-05,20,17,Sunday,1
2015-05-18,2015,Q2,2015-Q2,5,May,2015-05,21,18,Monday,0
2015-05-19,2015,Q2,2015-Q2,5,May,2015-05,21,19,Tuesday,0
2015-05-20,2015,Q2,2015-Q2,5,May,2015-05,21,20,Wednesday,0
2015-05-21,2015,Q2,2015-Q2,5,May,2015-05,21,21,Thursday,0
2015-05-22,2015,Q2,2015-Q2,5,May,2015-05,21,22,Friday,0
2015-05-23,2015,Q2,2015-Q2,5,May,2015-05,21,23,Saturday,1
2015-05-24,2015,Q2,2015-Q2,5,May,2015-05,21,24,Sunday,1
2015-05-25,2015,Q2,2015-Q2,5,May,2015-05,22,25,Monday,0
2015-05-26,2015,Q2,2015-Q2,5,May,2015-05,22,26,Tuesday,0
2015-05-27,2015,Q2,2015-Q2,5,May,2015-05,22,27,Wednesday,0
2015-05-28,2015,Q2,2015-Q2,5,May,2015-05,22,28,Thursday,0
2015-05-29,2015,Q2,2015-Q2,5,May,2015-05,22,29,Friday,0
2015-05-30,2015,Q2,2015-Q2,5,May,2015-05,22,30,Saturday,1
2015-05-31,2015,Q2,2015-Q2,5,May,2015-05,22,31,Sunday,1
2015-06-01,2015,Q2,2015-Q2,6,June,2015-06,23,1,Monday,0
2015-06-02,2015,Q2,2015-Q2,6,June,2015-06,23,2,Tuesday,0
2015-06-03,2015,Q2,2015-Q2,6,June,2015-06,23,3,Wednesday,0
2015-06-04,2015,Q2,2015-Q2,6,June,2015-06,23,4,Thursday,0
2015-06-05,2015,Q2,2015-Q2,6,June,2015-06,23,5,Friday,0
2015-06-06,2015,Q2,2015-Q2,6,June,2015-06,23,6,Saturday,1
2015-06-07,2015,Q2,2015-Q2,6,June,2015-06,23,7,Sunday,1
2015-06-08,2015,Q2,2015-Q2,6,June,2015-06,24,8,Monday,0
2015-06-09,2015,Q2,2015-Q2,6,June,2015-06,24,9,Tuesday,0
2015-06-10,2015,Q2,2015-Q2,6,June,2015-06,24,10,Wednesday,0
2015-06-11,2015,Q2,2015-Q2,6,June,2015-06,24,11,Thursday,0
2015-06-12,2015,Q2,2015-Q2,6,June,2015-06,24,12,Friday,0
2015-06-13,2015,Q2,2015-Q2,6,June,2015-06,24,13,Saturday,1
2015-06-14,2015,Q2,2015-Q2,6,June,2015-06,24,14,Sunday,1
2015-06-15,2015,Q2,2015-Q2,6,June,2015-06,25,15,Monday,0
2015-06-16,2015,Q2,2015-Q2,6,June,2015-06,25,16,Tuesday,0
2015-06-17,2015,Q2,2015-Q2,6,June,2015-06,25,17,Wednesday,0
2015-06-18,2015,Q2,2015-Q2,6,June,2015-06,25,18,Thursday,0
2015-06-19,2015,Q2,2015-Q2,6,June,2015-06,25,19,Friday,0
2015-06-20,2015,Q2,2015-Q2,6,June,2015-06,25,20,Saturday,1
2015-06-21,2015,Q2,2015-Q2,6,June,2015-06,25,21,Sunday,1
2015-06-22,2015,Q2,2015-Q2,6,June,2015-06,26,22,Monday,0
2015-06-23,2015,Q2,2015-Q2,6,June,2015-06,26,23,Tuesday,0
2015-06-24,2015,Q2,2015-Q2,6,June,2015-06,26,24,Wednesday,0
2015-06-25,2015,Q2,2015-Q2,6,June,2015-06,26,25,Thursday,0
2015-06-26,2015,Q2,2015-Q2,6,June,2015-06,26,26,Friday,0
2015-06-27,2015,Q2,2015-Q2,6,June,2015-06,26,27,Saturday,1
2015-06-28,2015,Q2,2015-Q2,6,June,2015-06,26,28,Sunday,1
2015-06-29,2015,Q2,2015-Q2,6,June,2015-06,27,29,Monday,0
2015-06-30,2015,Q2,2015-Q2,6,June,2015-06,27,30,Tuesday,0
2015-07-01,2015,Q3,2015-Q3,7,July,2015-07,27,1,Wednesday,0
2015-07-02,2015,Q3,2015-Q3,7,July,2015-07,27,2,Thursday,0
2015-07-03,2015,Q3,2015-Q3,7,July,2015-07,27,3,Friday,0
2015-07-04,2015,Q3,2015-Q3,7,July,2015-07,27,4,Saturday,1
2015-07-05,2015,Q3,2015-Q3,7,July,2015-07,27,5,Sunday,1
2015-07-06,2015,Q3,2015-Q3,7,July,2015-07,28,6,Monday,0
2015-07-07,2015,Q3,2015-Q3,7,July,2015-07,28,7,Tuesday,0
2015-07-08,2015,Q3,2015-Q3,7,July,2015-07,28,8,Wednesday,0
2015-07-09,2015,Q3,2015-Q3,7,July,2015-07,28,9,Thursday,0
2015-07-10,2015,Q3,2015-Q3,7,July,2015-07,28,10,Friday,0
2015-07-11,2015,Q3,2015-Q3,7,July,2015-07,28,11,Saturday,1
2015-07-12,2015,Q3,2015-Q3,7,July,2015-07,28,12,Sunday,1
2015-07-13,2015,Q3,2015-Q3,7,July,2015-07,29,13,Monday,0
2015-07-14,2015,Q3,2015-Q3,7,July,2015-07,29,14,Tuesday,0
2015-07-15,2015,Q3,2015-Q3,7,July,2015-07,29,15,Wednesday,0
2015-07-16,2015,Q3,2015-Q3,7,July,2015-07,29,16,Thursday,0
2015-07-17,2015,Q3,2015-Q3,7,July,2015-07,29,17,Friday,0
2015-07-18,2015,Q3,2015-Q3,7,July,2015-07,29,18,Saturday,1
2015-07-19,2015,Q3,2015-Q3,7,July,2015-07,29,19,Sunday,1
2015-07-20,2015,Q3,2015-Q3,7,July,2015-07,30,20,Monday,0
2015-07-21,2015,Q3,2015-Q3,7,July,2015-07,30,21,Tuesday,0
2015-07-22,2015,Q3,2015-Q3,7,July,2015-07,30,22,Wednesday,0
2015-07-23,2015,Q3,2015-Q3,7,July,2015-07,30,23,Thursday,0
2015-07-24,2015,Q3,2015-Q3,7,July,2015-07,30,24,Friday,0
2015-07-25,2015,Q3,2015-Q3,7,July,2015-07,30,25,Saturday,1
2015-07-26,2015,Q3,2015-Q3,7,July,2015-07,30,26,Sunday,1
2015-07-27,2015,Q3,2015-Q3,7,July,2015-07,31,27,Monday,0
2015-07-28,2015,Q3,2015-Q3,7,July,2015-07,31,28,Tuesday,0
2015-07-29,2015,Q3,2015-Q3,7,July,2015-07,31,29,Wednesday,0
2015-07-30,2015,Q3,2015-Q3,7,July,2015-07,31,30,Thursday,0
2015-07-31,2015,Q3,2015-Q3,7,July,2015-07,31,31,Friday,0
2015-08-01,2015,Q3,2015-Q3,8,August,2015-08,31,1,Saturday,1
2015-08-02,2015,Q3,2015-Q3,8,August,2015-08,31,2,Sunday,1
2015-08-03,2015,Q3,2015-Q3,8,August,2015-08,32,3,Monday,0
2015-08-04,2015,Q3,2015-Q3,8,August,2015-08,32,4,Tuesday,0
2015-08-05,2015,Q3,2015-Q3,8,August,2015-08,32,5,Wednesday,0
2015-08-06,2015,Q3,2015-Q3,8,August,2015-08,32,6,Thursday,0
2015-08-07,2015,Q3,2015-Q3,8,August,2015-08,32,7,Friday,0
2015-08-08,2015,Q3,2015-Q3,8,August,2015-08,32,8,Saturday,1
2015-08-09,2015,Q3,2015-Q3,8,August,2015-08,32,9,Sunday,1
2015-08-10,2015,Q3,2015-Q3,8,August,2015-08,33,10,Monday,0
2015-08-11,2015,Q3,2015-Q3,8,August,2015-08,33,11,Tuesday,0
2015-08-12,2015,Q3,2015-Q3,8,August,2015-08,33,12,Wednesday,0
2015-08-13,2015,Q3,2015-Q3,8,August,2015-08,33,13,Thursday,0
2015-08-14,2015,Q3,2015-Q3,8,August,2015-08,33,14,Friday,0
2015-08-15,2015,Q3,2015-Q3,8,August,2015-08,33,15,Saturday,1
2015-08-16,2015,Q3,2015-Q3,8,August,2015-08,33,16,Sunday,1
2015-08-17,2015,Q3,2015-Q3,8,August,2015-08,34,17,Monday,0
2015-08-18,2015,Q3,2015-Q3,8,August,2015-08,34,18,Tuesday,0
2015-08-19,2015,Q3,2015-Q3,8,August,2015-08,34,19,Wednesday,0
2015-08-20,2015,Q3,2015-Q3,8,August,2015-08,34,20,Thursday,0
2015-08-21,2015,Q3,2015-Q3,8,August,2015-08,34,21,Friday,0
2015-08-22,2015,Q3,2015-Q3,8,August,2015-08,34,22,Saturday,1
2015-08-23,2015,Q3,2015-Q3,8,August,2015-08,34,23,Sunday,1
2015-08-24,2015,Q3,2015-Q3,8,August,2015-08,35,24,Monday,0
2015-08-25,2015,Q3,2015-Q3,8,August,2015-08,35,25,Tuesday,0
2015-08-26,2015,Q3,2015-Q3,8,August,2015-08,35,26,Wednesday,0
2015-08-27,2015,Q3,2015-Q3,8,August,2015-08,35,27,Thursday,0
2015-08-28,2015,Q3,2015-Q3,8,August,2015-08,35,28,Friday,0
2015-08-29,2015,Q3,2015-Q3,8,August,2015-08,35,29,Saturday,1
2015-08-30,2015,Q3,2015-Q3,8,August,2015-08,35,30,Sunday,1
2015-08-31,2015,Q3,2015-Q3,8,August,2015-08,36,31,Monday,0
2015-09-01,2015,Q3,2015-Q3,9,September,2015-09,36,1,Tuesday,0
2015-09-02,2015,Q3,2015-Q3,9,September,2015-09,36,2,Wednesday,0
2015-09-03,2015,Q3,2015-Q3,9,September,2015-09,36,3,Thursday,0
2015-09-04,2015,Q3,2015-Q3,9,September,2015-09,36,4,Friday,0
2015-09-05,2015,Q3,2015-Q3,9,September,2015-09,36,5,Saturday,1
2015-09-06,2015,Q3,2015-Q3,9,September,2015-09,36,6,Sunday,1
2015-09-07,2015,Q3,2015-Q3,9,September,2015-09,37,7,Monday,0
2015-09-08,2015,Q3,2015-Q3,9,September,2015-09,37,8,Tuesday,0
2015-09-09,2015,Q3,2015-Q3,9,September,2015-09,37,9,Wednesday,0
2015-09-10,2015,Q3,2015-Q3,9,September,2015-09,37,10,Thursday,0
2015-09-11,2015,Q3,2015-Q3,9,September,2015-09,37,11,Friday,0
2015-09-12,2015,Q3,2015-Q3,9,September,2015-09,37,12,Saturday,1
2015-09-13,2015,Q3,2015-Q3,9,September,2015-09,37,13,Sunday,1
2015-09-14,2015,Q3,2015-Q3,9,September,2015-09,38,14,Monday,0
2015-09-15,2015,Q3,2015-Q3,9,September,2015-09,38,15,Tuesday,0
2015-09-16,2015,Q3,2015-Q3,9,September,2015-09,38,16,Wednesday,0
2015-09-17,2015,Q3,2015-Q3,9,September,2015-09,38,17,Thursday,0
2015-09-18,2015,Q3,2015-Q3,9,September,2015-09,38,18,Friday,0
2015-09-19,2015,Q3,2015-Q3,9,September,2015-09,38,19,Saturday,1
2015-09-20,2015,Q3,2015-Q3,9,September,2015-09,38,20,Sunday,1
2015-09-21,2015,Q3,2015-Q3,9,September,2015-09,39,21,Monday,0
2015-09-22,2015,Q3,2015-Q3,9,September,2015-09,39,22,Tuesday,0
2015-09-23,2015,Q3,2015-Q3,9,September,2015-09,39,23,Wednesday,0
2015-09-24,2015,Q3,2015-Q3,9,September,2015-09,39,24,Thursday,0
2015-09-25,2015,Q3,2015-Q3,9,September,2015-09,39,25,Friday,0
2015-09-26,2015,Q3,2015-Q3,9,September,2015-09,39,26,Saturday,1
2015-09-27,2015,Q3,2015-Q3,9,September,2015-09,39,27,Sunday,1
2015-09-28,2015,Q3,2015-Q3,9,September,2015-09,40,28,Monday,0
2015-09-29,2015,Q3,2015-Q3,9,September,2015-09,40,29,Tuesday,0
2015-09-30,2015,Q3,2015-Q3,9,September,2015-09,40,30,Wednesday,0
2015-10-01,2015,Q4,2015-Q4,10,October,2015-10,40,1,Thursday,0
2015-10-02,2015,Q4,2015-Q4,10,October,2015-10,40,2,Friday,0
2015-10-03,2015,Q4,2015-Q4,10,October,2015-10,40,3,Saturday,1
2015-10-04,2015,Q4,2015-Q4,10,October,2015-10,40,4,Sunday,1
2015-10-05,2015,Q4,2015-Q4,10,October,2015-10,41,5,Monday,0
2015-10-06,2015,Q4,2015-Q4,10,October,2015-10,41,6,Tuesday,0
2015-10-07,2015,Q4,2015-Q4,10,October,2015-10,41,7,Wednesday,0
2015-10-08,2015,Q4,2015-Q4,10,October,2015-10,41,8,Thursday,0
2015-10-09,2015,Q4,2015-Q4,10,October,2015-10,41,9,Friday,0
2015-10-10,2015,Q4,2015-Q4,10,October,2015-10,41,10,Saturday,1
2015-10-11,2015,Q4,2015-Q4,10,October,2015-10,41,11,Sunday,1
2015-10-12,2015,Q4,2015-Q4,10,October,2015-10,42,12,Monday,0
2015-10-13,2015,Q4,2015-Q4,10,October,2015-10,42,13,Tuesday,0
2015-10-14,2015,Q4,2015-Q4,10,October,2015-10,42,14,Wednesday,0
2015-10-15,2015,Q4,2015-Q4,10,October,2015-10,42,15,Thursday,0
2015-10-16,2015,Q4,2015-Q4,10,October,2015-10,42,16,Friday,0
2015-10-17,2015,Q4,2015-Q4,10,October,2015-10,42,17,Saturday,1
2015-10-18,2015,Q4,2015-Q4,10,October,2015-10,42,18,Sunday,1
2015-10-19,2015,Q4,2015-Q4,10,October,2015-10,43,19,Monday,0
2015-10-20,2015,Q4,2015-Q4,10,October,2015-10,43,20,Tuesday,0
2015-10-21,2015,Q4,2015-Q4,10,October,2015-10,43,21,Wednesday,0
2015-10-22,2015,Q4,2015-Q4,10,October,2015-10,43,22,Thursday,0
2015-10-23,2015,Q4,2015-Q4,10,October,2015-10,43,23,Friday,0
2015-10-24,2015,Q4,2015-Q4,10,October,2015-10,43,24,Saturday,1
2015-10-25,2015,Q4,2015-Q4,10,October,2015-10,43,25,Sunday,1
2015-10-26,2015,Q4,2015-Q4,10,October,2015-10,44,26,Monday,0
2015-10-27,2015,Q4,2015-Q4,10,October,2015-10,44,27,Tuesday,0
2015-10-28,2015,Q4,2015-Q4,10,October,2015-10,44,28,Wednesday,0
2015-10-29,2015,Q4,2015-Q4,10,October,2015-10,44,29,Thursday,0
2015-10-30,2015,Q4,2015-Q4,10,October,2015-10,44,30,Friday,0
2015-10-31,2015,Q4,2015-Q4,10,October,2015-10,44,31,Saturday,1
2015-11-01,2015,Q4,2015-Q4,11,November,2015-11,44,1,Sunday,1
2015-11-02,2015,Q4,2015-Q4,11,November,2015-11,45,2,Monday,0
2015-11-03,2015,Q4,2015-Q4,11,November,2015-11,45,3,Tuesday,0
2015-11-04,2015,Q4,2015-Q4,11,November,2015-11,45,4,Wednesday,0
2015-11-05,2015,Q4,2015-Q4,11,November,2015-11,45,5,Thursday,0
2015-11-06,2015,Q4,2015-Q4,11,November,2015-11,45,6,Friday,0
2015-11-07,2015,Q4,2015-Q4,11,November,2015-11,45,7,Saturday,1
2015-11-08,2015,Q4,2015-Q4,11,November,2015-11,45,8,Sunday,1
2015-11-09,2015,Q4,2015-Q4,11,November,2015-11,46,9,Monday,0
2015-11-10,2015,Q4,2015-Q4,11,November,2015-11,46,10,Tuesday,0
2015-11-11,2015,Q4,2015-Q4,11,November,2015-11,46,11,Wednesday,0
2015-11-12,2015,Q4,2015-Q4,11,November,2015-11,46,12,Thursday,0
2015-11-13,2015,Q4,2015-Q4,11,November,2015-11,46,13,Friday,0
2015-11-14,2015,Q4,2015-Q4,11,November,2015-11,46,14,Saturday,1
2015-11-15,2015,Q4,2015-Q4,11,November,2015-11,46,15,Sunday,1
2015-11-16,2015,Q4,2015-Q4,11,November,2015-11,47,16,Monday,0
2015-11-17,2015,Q4,2015-Q4,11,November,2015-11,47,17,Tuesday,0
2015-11-18,2015,Q4,2015-Q4,11,November,2015-11,47,18,Wednesday,0
2015-11-19,2015,Q4,2015-Q4,11,November,2015-11,47,19,Thursday,0
2015-11-20,2015,Q4,2015-Q4,11,November,2015-11,47,20,Friday,0
2015-11-21,2015,Q4,2015-Q4,11,November,2015-11,47,21,Saturday,1
2015-11-22,2015,Q4,2015-Q4,11,November,2015-11,47,22,Sunday,1
2015-11-23,2015,Q4,2015-Q4,11,November,2015-11,48,23,Monday,0
2015-11-24,2015,Q4,2015-Q4,11,November,2015-11,48,24,Tuesday,0
2015-11-25,2015,Q4,2015-Q4,11,November,2015-11,48,25,Wednesday,0
2015-11-26,2015,Q4,2015-Q4,11,November,2015-11,48,26,Thursday,0
2015-11-27,2015,Q4,2015-Q4,11,November,2015-11,48,27,Friday,0
2015-11-28,2015,Q4,2015-Q4,11,November,2015-11,48,28,Saturday,1
2015-11-29,2015,Q4,2015-Q4,11,November,2015-11,48,29,Sunday,1
2015-11-30,2015,Q4,2015-Q4,11,November,2015-11,49,30,Monday,0
2015-12-01,2015,Q4,2015-Q4,12,December,2015-12,49,1,Tuesday,0
2015-12-02,2015,Q4,2015-Q4,12,December,2015-12,49,2,Wednesday,0
2015-12-03,2015,Q4,2015-Q4,12,December,2015-12,49,3,Thursday,0
2015-12-04,2015,Q4,2015-Q4,12,December,2015-12,49,4,Friday,0
2015-12-05,2015,Q4,2015-Q4,12,December,2015-12,49,5,Saturday,1
2015-12-06,2015,Q4,2015-Q4,12,December,2015-12,49,6,Sunday,1
2015-12-07,2015,Q4,2015-Q4,12,December,2015-12,50,7,Monday,0
2015-12-08,2015,Q4,2015-Q4,12,December,2015-12,50,8,Tuesday,0
2015-12-09,2015,Q4,2015-Q4,12,December,2015-12,50,9,Wednesday,0
2015-12-10,2015,Q4,2015-Q4,12,December,2015-12,50,10,Thursday,0
2015-12-11,2015,Q4,2015-Q4,12,December,2015-12,50,11,Friday,0
2015-12-12,2015,Q4,2015-Q4,12,December,2015-12,50,12,Saturday,1
2015-12-13,2015,Q4,2015-Q4,12,December,2015-12,50,13,Sunday,1
2015-12-14,2015,Q4,2015-Q4,12,December,2015-12,51,14,Monday,0
2015-12-15,2015,Q4,2015-Q4,12,December,2015-12,51,15,Tuesday,0
2015-12-16,2015,Q4,2015-Q4,12,December,2015-12,51,16,Wednesday,0
2015-12-17,2015,Q4,2015-Q4,12,December,2015-12,51,17,Thursday,0
2015-12-18,2015,Q4,2015-Q4,12,December,2015-12,51,18,Friday,0
2015-12-19,2015,Q4,2015-Q4,12,December,2015-12,51,19,Saturday,1
2015-12-20,2015,Q4,2015-Q4,12,December,2015-12,51,20,Sunday,1
2015-12-21,2015,Q4,2015-Q4,12,December,2015-12,52,21,Monday,0
2015-12-22,2015,Q4,2015-Q4,12,December,2015-12,52,22,Tuesday,0
2015-12-23,2015,Q4,2015-Q4,12,December,2015-12,52,23,Wednesday,0
2015-12-24,2015,Q4,2015-Q4,12,December,2015-12,52,24,Thursday,0
2015-12-25,2015,Q4,2015-Q4,12,December,2015-12,52,25,Friday,0
2015-12-26,2015,Q4,2015-Q4,12,December,2015-12,52,26,Saturday,1
2015-12-27,2015,Q4,2015-Q4,12,December,2015-12,52,27,Sunday,1
2015-12-28,2015,Q4,2015-Q4,12,December,2015-12,53,28,Monday,0
2015-12-29,2015,Q4,2015-Q4,12,December,2015-12,53,29,Tuesday,0
2015-12-30,2015,Q4,2015-Q4,12,December,2015-12,53,30,Wednesday,0
2015-12-31,2015,Q4,2015-Q4,12,December,2015-12,53,31,Thursday,0
2016-01-01,2016,Q1,2016-Q1,1,January,2016-01,53,1,Friday,0
2016-01-02,2016,Q1,2016-Q1,1,January,2016-01,53,2,Saturday,1
2016-01-03,2016,Q1,2016-Q1,1,January,2016-01,53,3,Sunday,1
2016-01-04,2016,Q1,2016-Q1,1,January,2016-01,1,4,Monday,0
2016-01-05,2016,Q1,2016-Q1,1,January,2016-01,1,5,Tuesday,0
2016-01-06,2016,Q1,2016-Q1,1,January,2016-01,1,6,Wednesday,0
2016-01-07,2016,Q1,2016-Q1,1,January,2016-01,1,7,Thursday,0
2016-01-08,2016,Q1,2016-Q1,1,January,2016-01,1,8,Friday,0
2016-01-09,2016,Q1,2016-Q1,1,January,2016-01,1,9,Saturday,1
2016-01-10,2016,Q1,2016-Q1,1,January,2016-01,1,10,Sunday,1
2016-01-11,2016,Q1,2016-Q1,1,January,2016-01,2,11,Monday,0
2016-01-12,2016,Q1,2016-Q1,1,January,2016-01,2,12,Tuesday,0
2016-01-13,2016,Q1,2016-Q1,1,January,2016-01,2,13,Wednesday,0
2016-01-14,2016,Q1,2016-Q1,1,January,2016-01,2,14,Thursday,0
2016-01-15,2016,Q1,2016-Q1,1,January,2016-01,2,15,Friday,0
2016-01-16,2016,Q1,2016-Q1,1,January,2016-01,2,16,Saturday,1
2016-01-17,2016,Q1,2016-Q1,1,January,2016-01,2,17,Sunday,1
2016-01-18,2016,Q1,2016-Q1,1,January,2016-01,3,18,Monday,0
2016-01-19,2016,Q1,2016-Q1,1,January,2016-01,3,19,Tuesday,0
2016-01-20,2016,Q1,2016-Q1,1,January,2016-01,3,20,Wednesday,0
2016-01-21,2016,Q1,2016-Q1,1,January,2016-01,3,21,Thursday,0
2016-01-22,2016,Q1,2016-Q1,1,January,2016-01,3,22,Friday,0
2016-01-23,2016,Q1,2016-Q1,1,January,2016-01,3,23,Saturday,1
2016-01-24,2016,Q1,2016-Q1,1,January,2016-01,3,24,Sunday,1
2016-01-25,2016,Q1,2016-Q1,1,January,2016-01,4,25,Monday,0
2016-01-26,2016,Q1,2016-Q1,1,January,2016-01,4,26,Tuesday,0
2016-01-27,2016,Q1,2016-Q1,1,January,2016-01,4,27,Wednesday,0
2016-01-28,2016,Q1,2016-Q1,1,January,2016-01,4,28,Thursday,0
2016-01-29,2016,Q1,2016-Q1,1,January,2016-01,4,29,Friday,0
2016-01-30,2016,Q1,2016-Q1,1,January,2016-01,4,30,Saturday,1
2016-01-31,2016,Q1,2016-Q1,1,January,2016-01,4,31,Sunday,1
2016-02-01,2016,Q1,2016-Q1,2,February,2016-02,5,1,Monday,0
2016-02-02,2016,Q1,2016-Q1,2,February,2016-02,5,2,Tuesday,0
2016-02-03,2016,Q1,2016-Q1,2,February,2016-02,5,3,Wednesday,0
2016-02-04,2016,Q1,2016-Q1,2,February,2016-02,5,4,Thursday,0
2016-02-05,2016,Q1,2016-Q1,2,February,2016-02,5,5,Friday,0
2016-02-06,2016,Q1,2016-Q1,2,February,2016-02,5,6,Saturday,1
2016-02-07,2016,Q1,2016-Q1,2,February,2016-02,5,7,Sunday,1
2016-02-08,2016,Q1,2016-Q1,2,February,2016-02,6,8,Monday,0
2016-02-09,2016,Q1,2016-Q1,2,February,2016-02,6,9,Tuesday,0
2016-02-10,2016,Q1,2016-Q1,2,February,2016-02,6,10,Wednesday,0
2016-02-11,2016,Q1,2016-Q1,2,February,2016-02,6,11,Thursday,0
2016-02-12,2016,Q1,2016-Q1,2,February,2016-02,6,12,Friday,0
2016-02-13,2016,Q1,2016-Q1,2,February,2016-02,6,13,Saturday,1
2016-02-14,2016,Q1,2016-Q1,2,February,2016-02,6,14,Sunday,1
2016-02-15,2016,Q1,2016-Q1,2,February,2016-02,7,15,Monday,0
2016-02-16,2016,Q1,2016-Q1,2,February,2016-02,7,16,Tuesday,0
2016-02-17,2016,Q1,2016-Q1,2,February,2016-02,7,17,Wednesday,0
2016-02-18,2016,Q1,2016-Q1,2,February,2016-02,7,18,Thursday,0
2016-02-19,2016,Q1,2016-Q1,2,February,2016-02,7,19,Friday,0
2016-02-20,2016,Q1,2016-Q1,2,February,2016-02,7,20,Saturday,1
2016-02-21,2016,Q1,2016-Q1,2,February,2016-02,7,21,Sunday,1
2016-02-22,2016,Q1,2016-Q1,2,February,2016-02,8,22,Monday,0
2016-02-23,2016,Q1,2016-Q1,2,February,2016-02,8,23,Tuesday,0
2016-02-24,2016,Q1,2016-Q1,2,February,2016-02,8,24,Wednesday,0
2016-02-25,2016,Q1,2016-Q1,2,February,2016-02,8,25,Thursday,0
2016-02-26,2016,Q1,2016-Q1,2,February,2016-02,8,26,Friday,0
2016-02-27,2016,Q1,2016-Q1,2,February,2016-02,8,27,Saturday,1
2016-02-28,2016,Q1,2016-Q1,2,February,2016-02,8,28,Sunday,1
2016-02-29,2016,Q1,2016-Q1,2,February,2016-02,9,29,Monday,0
2016-03-01,2016,Q1,2016-Q1,3,March,2016-03,9,1,Tuesday,0
2016-03-02,2016,Q1,2016-Q1,3,March,2016-03,9,2,Wednesday,0
2016-03-03,2016,Q1,2016-Q1,3,March,2016-03,9,3,Thursday,0
2016-03-04,2016,Q1,2016-Q1,3,March,2016-03,9,4,Friday,0
2016-03-05,2016,Q1,2016-Q1,3,March,2016-03,9,5,Saturday,1
2016-03-06,2016,Q1,2016-Q1,3,March,2016-03,9,6,Sunday,1
2016-03-07,2016,Q1,2016-Q1,3,March,2016-03,10,7,Monday,0
2016-03-08,2016,Q1,2016-Q1,3,March,2016-03,10,8,Tuesday,0
2016-03-09,2016,Q1,2016-Q1,3,March,2016-03,10,9,Wednesday,0
2016-03-10,2016,Q1,2016-Q1,3,March,2016-03,10,10,Thursday,0
2016-03-11,2016,Q1,2016-Q1,3,March,2016-03,10,11,Friday,0
2016-03-12,2016,Q1,2016-Q1,3,March,2016-03,10,12,Saturday,1
2016-03-13,2016,Q1,2016-Q1,3,March,2016-03,10,13,Sunday,1
2016-03-14,2016,Q1,2016-Q1,3,March,2016-03,11,14,Monday,0
2016-03-15,2016,Q1,2016-Q1,3,March,2016-03,11,15,Tuesday,0
2016-03-16,2016,Q1,2016-Q1,3,March,2016-03,11,16,Wednesday,0
2016-03-17,2016,Q1,2016-Q1,3,March,2016-03,11,17,Thursday,0
2016-03-18,2016,Q1,2016-Q1,3,March,2016-03,11,18,Friday,0
2016-03-19,2016,Q1,2016-Q1,3,March,2016-03,11,19,Saturday,1
2016-03-20,2016,Q1,2016-Q1,3,March,2016-03,11,20,Sunday,1
2016-03-21,2016,Q1,2016-Q1,3,March,2016-03,12,21,Monday,0
2016-03-22,2016,Q1,2016-Q1,3,March,2016-03,12,22,Tuesday,0
2016-03-23,2016,Q1,2016-Q1,3,March,2016-03,12,23,Wednesday,0
2016-03-24,2016,Q1,2016-Q1,3,March,2016-03,12,24,Thursday,0
2016-03-25,2016,Q1,2016-Q1,3,March,2016-03,12,25,Friday,0
2016-03-26,2016,Q1,2016-Q1,3,March,2016-03,12,26,Saturday,1
2016-03-27,2016,Q1,2016-Q1,3,March,2016-03,12,27,Sunday,1
2016-03-28,2016,Q1,2016-Q1,3,March,2016-03,13,28,Monday,0
2016-03-29,2016,Q1,2016-Q1,3,March,2016-03,13,29,Tuesday,0
2016-03-30,2016,Q1,2016-Q1,3,March,2016-03,13,30,Wednesday,0
2016-03-31,2016,Q1,2016-Q1,3,March,2016-03,13,31,Thursday,0
2016-04-01,2016,Q2,2016-Q2,4,April,2016-04,13,1,Friday,0
2016-04-02,2016,Q2,2016-Q2,4,April,2016-04,13,2,Saturday,1
2016-04-03,2016,Q2,2016-Q2,4,April,2016-04,13,3,Sunday,1
2016-04-04,2016,Q2,2016-Q2,4,April,2016-04,14,4,Monday,0
2016-04-05,2016,Q2,2016-Q2,4,April,2016-04,14,5,Tuesday,0
2016-04-06,2016,Q2,2016-Q2,4,April,2016-04,14,6,Wednesday,0
2016-04-07,2016,Q2,2016-Q2,4,April,2016-04,14,7,Thursday,0
2016-04-08,2016,Q2,2016-Q2,4,April,2016-04,14,8,Friday,0
2016-04-09,2016,Q2,2016-Q2,4,April,2016-04,14,9,Saturday,1
2016-04-10,2016,Q2,2016-Q2,4,April,2016-04,14,10,Sunday,1
2016-04-11,2016,Q2,2016-Q2,4,April,2016-04,15,11,Monday,0
2016-04-12,2016,Q2,2016-Q2,4,April,2016-04,15,12,Tuesday,0
2016-04-13,2016,Q2,2016-Q2,4,April,2016-04,15,13,Wednesday,0
2016-04-14,2016,Q2,2016-Q2,4,April,2016-04,15,14,Thursday,0
2016-04-15,2016,Q2,2016-Q2,4,April,2016-04,15,15,Friday,0
2016-04-16,2016,Q2,2016-Q2,4,April,2016-04,15,16,Saturday,1
2016-04-17,2016,Q2,2016-Q2,4,April,2016-04,15,17,Sunday,1
2016-04-18,2016,Q2,2016-Q2,4,April,2016-04,16,18,Monday,0
2016-04-19,2016,Q2,2016-Q2,4,April,2016-04,16,19,Tuesday,0
2016-04-20,2016,Q2,2016-Q2,4,April,2016-04,16,20,Wednesday,0
2016-04-21,2016,Q2,2016-Q2,4,April,2016-04,16,21,Thursday,0
2016-04-22,2016,Q2,2016-Q2,4,April,2016-04,16,22,Friday,0
2016-04-23,2016,Q2,2016-Q2,4,April,2016-04,16,23,Saturday,1
2016-04-24,2016,Q2,2016-Q2,4,April,2016-04,16,24,Sunday,1
2016-04-25,2016,Q2,2016-Q2,4,April,2016-04,17,25,Monday,0
2016-04-26,2016,Q2,2016-Q2,4,April,2016-04,17,26,Tuesday,0
2016-04-27,2016,Q2,2016-Q2,4,April,2016-04,17,27,Wednesday,0
2016-04-28,2016,Q2,2016-Q2,4,April,2016-04,17,28,Thursday,0
2016-04-29,2016,Q2,2016-Q2,4,April,2016-04,17,29,Friday,0
2016-04-30,2016,Q2,2016-Q2,4,April,2016-04,17,30,Saturday,1
2016-05-01,2016,Q2,2016-Q2,5,May,2016-05,17,1,Sunday,1
2016-05-02,2016,Q2,2016-Q2,5,May,2016-05,18,2,Monday,0
2016-05-03,2016,Q2,2016-Q2,5,May,2016-05,18,3,Tuesday,0
2016-05-04,2016,Q2,2016-Q2,5,May,2016-05,18,4,Wednesday,0
2016-05-05,2016,Q2,2016-Q2,5,May,2016-05,18,5,Thursday,0
2016-05-06,2016,Q2,2016-Q2,5,May,2016-05,18,6,Friday,0
2016-05-07,2016,Q2,2016-Q2,5,May,2016-05,18,7,Saturday,1
2016-05-08,2016,Q2,2016-Q2,5,May,2016-05,18,8,Sunday,1
2016-05-09,2016,Q2,2016-Q2,5,May,2016-05,19,9,Monday,0
2016-05-10,2016,Q2,2016-Q2,5,May,2016-05,19,10,Tuesday,0
2016-05-11,2016,Q2,2016-Q2,5,May,2016-05,19,11,Wednesday,0
2016-05-12,2016,Q2,2016-Q2,5,May,2016-05,19,12,Thursday,0
2016-05-13,2016,Q2,2016-Q2,5,May,2016-05,19,13,Friday,0
2016-05-14,2016,Q2,2016-Q2,5,May,2016-05,19,14,Saturday,1
2016-05-15,2016,Q2,2016-Q2,5,May,2016-05,19,15,Sunday,1
2016-05-16,2016,Q2,2016-Q2,5,May,2016-05,20,16,Monday,0
2016-05-17,2016,Q2,2016-Q2,5,May,2016-05,20,17,Tuesday,0
2016-05-18,2016,Q2,2016-Q2,5,May,2016-05,20,18,Wednesday,0
2016-05-19,2016,Q2,2016-Q2,5,May,2016-05,20,19,Thursday,0
2016-05-20,2016,Q2,2016-Q2,5,May,2016-05,20,20,Friday,0
2016-05-21,2016,Q2,2016-Q2,5,May,2016-05,20,21,Saturday,1
2016-05-22,2016,Q2,2016-Q2,5,May,2016-05,20,22,Sunday,1
2016-05-23,2016,Q2,2016-Q2,5,May,2016-05,21,23,Monday,0
2016-05-24,2016,Q2,2016-Q2,5,May,2016-05,21,24,Tuesday,0
2016-05-25,2016,Q2,2016-Q2,5,May,2016-05,21,25,Wednesday,0
2016-05-26,2016,Q2,2016-Q2,5,May,2016-05,21,26,Thursday,0
2016-05-27,2016,Q2,2016-Q2,5,May,2016-05,21,27,Friday,0
2016-05-28,2016,Q2,2016-Q2,5,May,2016-05,21,28,Saturday,1
2016-05-29,2016,Q2,2016-Q2,5,May,2016-05,21,29,Sunday,1
2016-05-30,2016,Q2,2016-Q2,5,May,2016-05,22,30,Monday,0
2016-05-31,2016,Q2,2016-Q2,5,May,2016-05,22,31,Tuesday,0
2016-06-01,2016,Q2,2016-Q2,6,June,2016-06,22,1,Wednesday,0
2016-06-02,2016,Q2,2016-Q2,6,June,2016-06,22,2,Thursday,0
2016-06-03,2016,Q2,2016-Q2,6,June,2016-06,22,3,Friday,0
2016-06-04,2016,Q2,2016-Q2,6,June,2016-06,22,4,Saturday,1
2016-06-05,2016,Q2,2016-Q2,6,June,2016-06,22,5,Sunday,1
2016-06-06,2016,Q2,2016-Q2,6,June,2016-06,23,6,Monday,0
2016-06-07,2016,Q2,2016-Q2,6,June,2016-06,23,7,Tuesday,0
2016-06-08,2016,Q2,2016-Q2,6,June,2016-06,23,8,Wednesday,0
2016-06-09,2016,Q2,2016-Q2,6,June,2016-06,23,9,Thursday,0
2016-06-10,2016,Q2,2016-Q2,6,June,2016-06,23,10,Friday,0
2016-06-11,2016,Q2,2016-Q2,6,June,2016-06,23,11,Saturday,1
2016-06-12,2016,Q2,2016-Q2,6,June,2016-06,23,12,Sunday,1
2016-06-13,2016,Q2,2016-Q2,6,June,2016-06,24,13,Monday,0
2016-06-14,2016,Q2,2016-Q2,6,June,2016-06,24,14,Tuesday,0
2016-06-15,2016,Q2,2016-Q2,6,June,2016-06,24,15,Wednesday,0
2016-06-16,2016,Q2,2016-Q2,6,June,2016-06,24,16,Thursday,0
2016-06-17,2016,Q2,2016-Q2,6,June,2016-06,24,17,Friday,0
2016-06-18,2016,Q2,2016-Q2,6,June,2016-06,24,18,Saturday,1
2016-06-19,2016,Q2,2016-Q2,6,June,2016-06,24,19,Sunday,1
2016-06-20,2016,Q2,2016-Q2,6,June,2016-06,25,20,Monday,0
2016-06-21,2016,Q2,2016-Q2,6,June,2016-06,25,21,Tuesday,0
2016-06-22,2016,Q2,2016-Q2,6,June,2016-06,25,22,Wednesday,0
2016-06-23,2016,Q2,2016-Q2,6,June,2016-06,25,23,Thursday,0
2016-06-24,2016,Q2,2016-Q2,6,June,2016-06,25,24,Friday,0
2016-06-25,2016,Q2,2016-Q2,6,June,2016-06,25,25,Saturday,1
2016-06-26,2016,Q2,2016-Q2,6,June,2016-06,25,26,Sunday,1
2016-06-27,2016,Q2,2016-Q2,6,June,2016-06,26,27,Monday,0
2016-06-28,2016,Q2,2016-Q2,6,June,2016-06,26,28,Tuesday,0
2016-06-29,2016,Q2,2016-Q2,6,June,2016-06,26,29,Wednesday,0
2016-06-30,2016,Q2,2016-Q2,6,June,2016-06,26,30,Thursday,0
2016-07-01,2016,Q3,2016-Q3,7,July,2016-07,26,1,Friday,0
2016-07-02,2016,Q3,2016-Q3,7,July,2016-07,26,2,Saturday,1
2016-07-03,2016,Q3,2016-Q3,7,July,2016-07,26,3,Sunday,1
2016-07-04,2016,Q3,2016-Q3,7,July,2016-07,27,4,Monday,0
2016-07-05,2016,Q3,2016-Q3,7,July,2016-07,27,5,Tuesday,0
2016-07-06,2016,Q3,2016-Q3,7,July,2016-07,27,6,Wednesday,0
2016-07-07,2016,Q3,2016-Q3,7,July,2016-07,27,7,Thursday,0
2016-07-08,2016,Q3,2016-Q3,7,July,2016-07,27,8,Friday,0
2016-07-09,2016,Q3,2016-Q3,7,July,2016-07,27,9,Saturday,1
2016-07-10,2016,Q3,2016-Q3,7,July,2016-07,27,10,Sunday,1
2016-07-11,2016,Q3,2016-Q3,7,July,2016-07,28,11,Monday,0
2016-07-12,2016,Q3,2016-Q3,7,July,2016-07,28,12,Tuesday,0
2016-07-13,2016,Q3,2016-Q3,7,July,2016-07,28,13,Wednesday,0
2016-07-14,2016,Q3,2016-Q3,7,July,2016-07,28,14,Thursday,0
2016-07-15,2016,Q3,2016-Q3,7,July,2016-07,28,15,Friday,0
2016-07-16,2016,Q3,2016-Q3,7,July,2016-07,28,16,Saturday,1
2016-07-17,2016,Q3,2016-Q3,7,July,2016-07,28,17,Sunday,1
2016-07-18,2016,Q3,2016-Q3,7,July,2016-07,29,18,Monday,0
2016-07-19,2016,Q3,2016-Q3,7,July,2016-07,29,19,Tuesday,0
2016-07-20,2016,Q3,2016-Q3,7,July,2016-07,29,20,Wednesday,0
2016-07-21,2016,Q3,2016-Q3,7,July,2016-07,29,21,Thursday,0
2016-07-22,2016,Q3,2016-Q3,7,July,2016-07,29,22,Friday,0
2016-07-23,2016,Q3,2016-Q3,7,July,2016-07,29,23,Saturday,1
2016-07-24,2016,Q3,2016-Q3,7,July,2016-07,29,24,Sunday,1
2016-07-25,2016,Q3,2016-Q3,7,July,2016-07,30,25,Monday,0
2016-07-26,2016,Q3,2016-Q3,7,July,2016-07,30,26,Tuesday,0
2016-07-27,2016,Q3,2016-Q3,7,July,2016-07,30,27,Wednesday,0
2016-07-28,2016,Q3,2016-Q3,7,July,2016-07,30,28,Thursday,0
2016-07-29,2016,Q3,2016-Q3,7,July,2016-07,30,29,Friday,0
2016-07-30,2016,Q3,2016-Q3,7,July,2016-07,30,30,Saturday,1
2016-07-31,2016,Q3,2016-Q3,7,July,2016-07,30,31,Sunday,1
2016-08-01,2016,Q3,2016-Q3,8,August,2016-08,31,1,Monday,0
2016-08-02,2016,Q3,2016-Q3,8,August,2016-08,31,2,Tuesday,0
2016-08-03,2016,Q3,2016-Q3,8,August,2016-08,31,3,Wednesday,0
2016-08-04,2016,Q3,2016-Q3,8,August,2016-08,31,4,Thursday,0
2016-08-05,2016,Q3,2016-Q3,8,August,2016-08,31,5,Friday,0
2016-08-06,2016,Q3,2016-Q3,8,August,2016-08,31,6,Saturday,1
2016-08-07,2016,Q3,2016-Q3,8,August,2016-08,31,7,Sunday,1
2016-08-08,2016,Q3,2016-Q3,8,August,2016-08,32,8,Monday,0
2016-08-09,2016,Q3,2016-Q3,8,August,2016-08,32,9,Tuesday,0
2016-08-10,2016,Q3,2016-Q3,8,August,2016-08,32,10,Wednesday,0
2016-08-11,2016,Q3,2016-Q3,8,August,2016-08,32,11,Thursday,0
2016-08-12,2016,Q3,2016-Q3,8,August,2016-08,32,12,Friday,0
2016-08-13,2016,Q3,2016-Q3,8,August,2016-08,32,13,Saturday,1
2016-08-14,2016,Q3,2016-Q3,8,August,2016-08,32,14,Sunday,1
2016-08-15,2016,Q3,2016-Q3,8,August,2016-08,33,15,Monday,0
2016-08-16,2016,Q3,2016-Q3,8,August,2016-08,33,16,Tuesday,0
2016-08-17,2016,Q3,2016-Q3,8,August,2016-08,33,17,Wednesday,0
2016-08-18,2016,Q3,2016-Q3,8,August,2016-08,33,18,Thursday,0
2016-08-19,2016,Q3,2016-Q3,8,August,2016-08,33,19,Friday,0
2016-08-20,2016,Q3,2016-Q3,8,August,2016-08,33,20,Saturday,1
2016-08-21,2016,Q3,2016-Q3,8,August,2016-08,33,21,Sunday,1
2016-08-22,2016,Q3,2016-Q3,8,August,2016-08,34,22,Monday,0
2016-08-23,2016,Q3,2016-Q3,8,August,2016-08,34,23,Tuesday,0
2016-08-24,2016,Q3,2016-Q3,8,August,2016-08,34,24,Wednesday,0
2016-08-25,2016,Q3,2016-Q3,8,August,2016-08,34,25,Thursday,0
2016-08-26,2016,Q3,2016-Q3,8,August,2016-08,34,26,Friday,0
2016-08-27,2016,Q3,2016-Q3,8,August,2016-08,34,27,Saturday,1
2016-08-28,2016,Q3,2016-Q3,8,August,2016-08,34,28,Sunday,1
2016-08-29,2016,Q3,2016-Q3,8,August,2016-08,35,29,Monday,0
2016-08-30,2016,Q3,2016-Q3,8,August,2016-08,35,30,Tuesday,0
2016-08-31,2016,Q3,2016-Q3,8,August,2016-08,35,31,Wednesday,0
2016-09-01,2016,Q3,2016-Q3,9,September,2016-09,35,1,Thursday,0
2016-09-02,2016,Q3,2016-Q3,9,September,2016-09,35,2,Friday,0
2016-09-03,2016,Q3,2016-Q3,9,September,2016-09,35,3,Saturday,1
2016-09-04,2016,Q3,2016-Q3,9,September,2016-09,35,4,Sunday,1
2016-09-05,2016,Q3,2016-Q3,9,September,2016-09,36,5,Monday,0
2016-09-06,2016,Q3,2016-Q3,9,September,2016-09,36,6,Tuesday,0
2016-09-07,2016,Q3,2016-Q3,9,September,2016-09,36,7,Wednesday,0
2016-09-08,2016,Q3,2016-Q3,9,September,2016-09,36,8,Thursday,0
2016-09-09,2016,Q3,2016-Q3,9,September,2016-09,36,9,Friday,0
2016-09-10,2016,Q3,2016-Q3,9,September,2016-09,36,10,Saturday,1
2016-09-11,2016,Q3,2016-Q3,9,September,2016-09,36,11,Sunday,1
2016-09-12,2016,Q3,2016-Q3,9,September,2016-09,37,12,Monday,0
2016-09-13,2016,Q3,2016-Q3,9,September,2016-09,37,13,Tuesday,0
2016-09-14,2016,Q3,2016-Q3,9,September,2016-09,37,14,Wednesday,0
2016-09-15,2016,Q3,2016-Q3,9,September,2016-09,37,15,Thursday,0
2016-09-16,2016,Q3,2016-Q3,9,September,2016-09,37,16,Friday,0
2016-09-17,2016,Q3,2016-Q3,9,September,2016-09,37,17,Saturday,1
2016-09-18,2016,Q3,2016-Q3,9,September,2016-09,37,18,Sunday,1
2016-09-19,2016,Q3,2016-Q3,9,September,2016-09,38,19,Monday,0
2016-09-20,2016,Q3,2016-Q3,9,September,2016-09,38,20,Tuesday,0
2016-09-21,2016,Q3,2016-Q3,9,September,2016-09,38,21,Wednesday,0
2016-09-22,2016,Q3,2016-Q3,9,September,2016-09,38,22,Thursday,0
2016-09-23,2016,Q3,2016-Q3,9,September,2016-09,38,23,Friday,0
2016-09-24,2016,Q3,2016-Q3,9,September,2016-09,38,24,Saturday,1
2016-09-25,2016,Q3,2016-Q3,9,September,2016-09,38,25,Sunday,1
2016-09-26,2016,Q3,2016-Q3,9,September,2016-09,39,26,Monday,0
2016-09-27,2016,Q3,2016-Q3,9,September,2016-09,39,27,Tuesday,0
2016-09-28,2016,Q3,2016-Q3,9,September,2016-09,39,28,Wednesday,0
2016-09-29,2016,Q3,2016-Q3,9,September,2016-09,39,29,Thursday,0
2016-09-30,2016,Q3,2016-Q3,9,September,2016-09,39,30,Friday,0
2016-10-01,2016,Q4,2016-Q4,10,October,2016-10,39,1,Saturday,1
2016-10-02,2016,Q4,2016-Q4,10,October,2016-10,39,2,Sunday,1
2016-10-03,2016,Q4,2016-Q4,10,October,2016-10,40,3,Monday,0
2016-10-04,2016,Q4,2016-Q4,10,October,2016-10,40,4,Tuesday,0
2016-10-05,2016,Q4,2016-Q4,10,October,2016-10,40,5,Wednesday,0
2016-10-06,2016,Q4,2016-Q4,10,October,2016-10,40,6,Thursday,0
2016-10-07,2016,Q4,2016-Q4,10,October,2016-10,40,7,Friday,0
2016-10-08,2016,Q4,2016-Q4,10,October,2016-10,40,8,Saturday,1
2016-10-09,2016,Q4,2016-Q4,10,October,2016-10,40,9,Sunday,1
2016-10-10,2016,Q4,2016-Q4,10,October,2016-10,41,10,Monday,0
2016-10-11,2016,Q4,2016-Q4,10,October,2016-10,41,11,Tuesday,0
2016-10-12,2016,Q4,2016-Q4,10,October,2016-10,41,12,Wednesday,0
2016-10-13,2016,Q4,2016-Q4,10,October,2016-10,41,13,Thursday,0
2016-10-14,2016,Q4,2016-Q4,10,October,2016-10,41,14,Friday,0
2016-10-15,2016,Q4,2016-Q4,10,October,2016-10,41,15,Saturday,1
2016-10-16,2016,Q4,2016-Q4,10,October,2016-10,41,16,Sunday,1
2016-10-17,2016,Q4,2016-Q4,10,October,2016-10,42,17,Monday,0
2016-10-18,2016,Q4,2016-Q4,10,October,2016-10,42,18,Tuesday,0
2016-10-19,2016,Q4,2016-Q4,10,October,2016-10,42,19,Wednesday,0
2016-10-20,2016,Q4,2016-Q4,10,October,2016-10,42,20,Thursday,0
2016-10-21,2016,Q4,2016-Q4,10,October,2016-10,42,21,Friday,0
2016-10-22,2016,Q4,2016-Q4,10,October,2016-10,42,22,Saturday,1
2016-10-23,2016,Q4,2016-Q4,10,October,2016-10,42,23,Sunday,1
2016-10-24,2016,Q4,2016-Q4,10,October,2016-10,43,24,Monday,0
2016-10-25,2016,Q4,2016-Q4,10,October,2016-10,43,25,Tuesday,0
2016-10-26,2016,Q4,2016-Q4,10,October,2016-10,43,26,Wednesday,0
2016-10-27,2016,Q4,2016-Q4,10,October,2016-10,43,27,Thursday,0
2016-10-28,2016,Q4,2016-Q4,10,October,2016-10,43,28,Friday,0
2016-10-29,2016,Q4,2016-Q4,10,October,2016-10,43,29,Saturday,1
2016-10-30,2016,Q4,2016-Q4,10,October,2016-10,43,30,Sunday,1
2016-10-31,2016,Q4,2016-Q4,10,October,2016-10,44,31,Monday,0
2016-11-01,2016,Q4,2016-Q4,11,November,2016-11,44,1,Tuesday,0
2016-11-02,2016,Q4,2016-Q4,11,November,2016-11,44,2,Wednesday,0
2016-11-03,2016,Q4,2016-Q4,11,November,2016-11,44,3,Thursday,0
2016-11-04,2016,Q4,2016-Q4,11,November,2016-11,44,4,Friday,0
2016-11-05,2016,Q4,2016-Q4,11,November,2016-11,44,5,Saturday,1
2016-11-06,2016,Q4,2016-Q4,11,November,2016-11,44,6,Sunday,1
2016-11-07,2016,Q4,2016-Q4,11,November,2016-11,45,7,Monday,0
2016-11-08,2016,Q4,2016-Q4,11,November,2016-11,45,8,Tuesday,0
2016-11-09,2016,Q4,2016-Q4,11,November,2016-11,45,9,Wednesday,0
2016-11-10,2016,Q4,2016-Q4,11,November,2016-11,45,10,Thursday,0
2016-11-11,2016,Q4,2016-Q4,11,November,2016-11,45,11,Friday,0
2016-11-12,2016,Q4,2016-Q4,11,November,2016-11,45,12,Saturday,1
2016-11-13,2016,Q4,2016-Q4,11,November,2016-11,45,13,Sunday,1
2016-11-14,2016,Q4,2016-Q4,11,November,2016-11,46,14,Monday,0
2016-11-15,2016,Q4,2016-Q4,11,November,2016-11,46,15,Tuesday,0
2016-11-16,2016,Q4,2016-Q4,11,November,2016-11,46,16,Wednesday,0
2016-11-17,2016,Q4,2016-Q4,11,November,2016-11,46,17,Thursday,0
2016-11-18,2016,Q4,2016-Q4,11,November,2016-11,46,18,Friday,0
2016-11-19,2016,Q4,2016-Q4,11,November,2016-11,46,19,Saturday,1
2016-11-20,2016,Q4,2016-Q4,11,November,2016-11,46,20,Sunday,1
2016-11-21,2016,Q4,2016-Q4,11,November,2016-11,47,21,Monday,0
2016-11-22,2016,Q4,2016-Q4,11,November,2016-11,47,22,Tuesday,0
2016-11-23,2016,Q4,2016-Q4,11,November,2016-11,47,23,Wednesday,0
2016-11-24,2016,Q4,2016-Q4,11,November,2016-11,47,24,Thursday,0
2016-11-25,2016,Q4,2016-Q4,11,November,2016-11,47,25,Friday,0
2016-11-26,2016,Q4,2016-Q4,11,November,2016-11,47,26,Saturday,1
2016-11-27,2016,Q4,2016-Q4,11,November,2016-11,47,27,Sunday,1
2016-11-28,2016,Q4,2016-Q4,11,November,2016-11,48,28,Monday,0
2016-11-29,2016,Q4,2016-Q4,11,November,2016-11,48,29,Tuesday,0
2016-11-30,2016,Q4,2016-Q4,11,November,2016-11,48,30,Wednesday,0
2016-12-01,2016,Q4,2016-Q4,12,December,2016-12,48,1,Thursday,0
2016-12-02,2016,Q4,2016-Q4,12,December,2016-12,48,2,Friday,0
2016-12-03,2016,Q4,2016-Q4,12,December,2016-12,48,3,Saturday,1
2016-12-04,2016,Q4,2016-Q4,12,December,2016-12,48,4,Sunday,1
2016-12-05,2016,Q4,2016-Q4,12,December,2016-12,49,5,Monday,0
2016-12-06,2016,Q4,2016-Q4,12,December,2016-12,49,6,Tuesday,0
2016-12-07,2016,Q4,2016-Q4,12,December,2016-12,49,7,Wednesday,0
2016-12-08,2016,Q4,2016-Q4,12,December,2016-12,49,8,Thursday,0
2016-12-09,2016,Q4,2016-Q4,12,December,2016-12,49,9,Friday,0
2016-12-10,2016,Q4,2016-Q4,12,December,2016-12,49,10,Saturday,1
2016-12-11,2016,Q4,2016-Q4,12,December,2016-12,49,11,Sunday,1
2016-12-12,2016,Q4,2016-Q4,12,December,2016-12,50,12,Monday,0
2016-12-13,2016,Q4,2016-Q4,12,December,2016-12,50,13,Tuesday,0
2016-12-14,2016,Q4,2016-Q4,12,December,2016-12,50,14,Wednesday,0
2016-12-15,2016,Q4,2016-Q4,12,December,2016-12,50,15,Thursday,0
2016-12-16,2016,Q4,2016-Q4,12,December,2016-12,50,16,Friday,0
2016-12-17,2016,Q4,2016-Q4,12,December,2016-12,50,17,Saturday,1
2016-12-18,2016,Q4,2016-Q4,12,December,2016-12,50,18,Sunday,1
2016-12-19,2016,Q4,2016-Q4,12,December,2016-12,51,19,Monday,0
2016-12-20,2016,Q4,2016-Q4,12,December,2016-12,51,20,Tuesday,0
2016-12-21,2016,Q4,2016-Q4,12,December,2016-12,51,21,Wednesday,0
2016-12-22,2016,Q4,2016-Q4,12,December,2016-12,51,22,Thursday,0
2016-12-23,2016,Q4,2016-Q4,12,December,2016-12,51,23,Friday,0
2016-12-24,2016,Q4,2016-Q4,12,December,2016-12,51,24,Saturday,1
2016-12-25,2016,Q4,2016-Q4,12,December,2016-12,51,25,Sunday,1
2016-12-26,2016,Q4,2016-Q4,12,December,2016-12,52,26,Monday,0
2016-12-27,2016,Q4,2016-Q4,12,December,2016-12,52,27,Tuesday,0
2016-12-28,2016,Q4,2016-Q4,12,December,2016-12,52,28,Wednesday,0
2016-12-29,2016,Q4,2016-Q4,12,December,2016-12,52,29,Thursday,0
2016-12-30,2016,Q4,2016-Q4,12,December,2016-12,52,30,Friday,0
2016-12-31,2016,Q4,2016-Q4,12,December,2016-12,52,31,Saturday,1
2017-01-01,2017,Q1,2017-Q1,1,January,2017-01,52,1,Sunday,1
2017-01-02,2017,Q1,2017-Q1,1,January,2017-01,1,2,Monday,0
2017-01-03,2017,Q1,2017-Q1,1,January,2017-01,1,3,Tuesday,0
2017-01-04,2017,Q1,2017-Q1,1,January,2017-01,1,4,Wednesday,0
2017-01-05,2017,Q1,2017-Q1,1,January,2017-01,1,5,Thursday,0
2017-01-06,2017,Q1,2017-Q1,1,January,2017-01,1,6,Friday,0
2017-01-07,2017,Q1,2017-Q1,1,January,2017-01,1,7,Saturday,1
2017-01-08,2017,Q1,2017-Q1,1,January,2017-01,1,8,Sunday,1
2017-01-09,2017,Q1,2017-Q1,1,January,2017-01,2,9,Monday,0
2017-01-10,2017,Q1,2017-Q1,1,January,2017-01,2,10,Tuesday,0
2017-01-11,2017,Q1,2017-Q1,1,January,2017-01,2,11,Wednesday,0
2017-01-12,2017,Q1,2017-Q1,1,January,2017-01,2,12,Thursday,0
2017-01-13,2017,Q1,2017-Q1,1,January,2017-01,2,13,Friday,0
2017-01-14,2017,Q1,2017-Q1,1,January,2017-01,2,14,Saturday,1
2017-01-15,2017,Q1,2017-Q1,1,January,2017-01,2,15,Sunday,1
2017-01-16,2017,Q1,2017-Q1,1,January,2017-01,3,16,Monday,0
2017-01-17,2017,Q1,2017-Q1,1,January,2017-01,3,17,Tuesday,0
2017-01-18,2017,Q1,2017-Q1,1,January,2017-01,3,18,Wednesday,0
2017-01-19,2017,Q1,2017-Q1,1,January,2017-01,3,19,Thursday,0
2017-01-20,2017,Q1,2017-Q1,1,January,2017-01,3,20,Friday,0
2017-01-21,2017,Q1,2017-Q1,1,January,2017-01,3,21,Saturday,1
2017-01-22,2017,Q1,2017-Q1,1,January,2017-01,3,22,Sunday,1
2017-01-23,2017,Q1,2017-Q1,1,January,2017-01,4,23,Monday,0
2017-01-24,2017,Q1,2017-Q1,1,January,2017-01,4,24,Tuesday,0
2017-01-25,2017,Q1,2017-Q1,1,January,2017-01,4,25,Wednesday,0
2017-01-26,2017,Q1,2017-Q1,1,January,2017-01,4,26,Thursday,0
2017-01-27,2017,Q1,2017-Q1,1,January,2017-01,4,27,Friday,0
2017-01-28,2017,Q1,2017-Q1,1,January,2017-01,4,28,Saturday,1
2017-01-29,2017,Q1,2017-Q1,1,January,2017-01,4,29,Sunday,1
2017-01-30,2017,Q1,2017-Q1,1,January,2017-01,5,30,Monday,0
2017-01-31,2017,Q1,2017-Q1,1,January,2017-01,5,31,Tuesday,0
2017-02-01,2017,Q1,2017-Q1,2,February,2017-02,5,1,Wednesday,0
2017-02-02,2017,Q1,2017-Q1,2,February,2017-02,5,2,Thursday,0
2017-02-03,2017,Q1,2017-Q1,2,February,2017-02,5,3,Friday,0
2017-02-04,2017,Q1,2017-Q1,2,February,2017-02,5,4,Saturday,1
2017-02-05,2017,Q1,2017-Q1,2,February,2017-02,5,5,Sunday,1
2017-02-06,2017,Q1,2017-Q1,2,February,2017-02,6,6,Monday,0
2017-02-07,2017,Q1,2017-Q1,2,February,2017-02,6,7,Tuesday,0
2017-02-08,2017,Q1,2017-Q1,2,February,2017-02,6,8,Wednesday,0
2017-02-09,2017,Q1,2017-Q1,2,February,2017-02,6,9,Thursday,0
2017-02-10,2017,Q1,2017-Q1,2,February,2017-02,6,10,Friday,0
2017-02-11,2017,Q1,2017-Q1,2,February,2017-02,6,11,Saturday,1
2017-02-12,2017,Q1,2017-Q1,2,February,2017-02,6,12,Sunday,1
2017-02-13,2017,Q1,2017-Q1,2,February,2017-02,7,13,Monday,0
2017-02-14,2017,Q1,2017-Q1,2,February,2017-02,7,14,Tuesday,0
2017-02-15,2017,Q1,2017-Q1,2,February,2017-02,7,15,Wednesday,0
2017-02-16,2017,Q1,2017-Q1,2,February,2017-02,7,16,Thursday,0
2017-02-17,2017,Q1,2017-Q1,2,February,2017-02,7,17,Friday,0
2017-02-18,2017,Q1,2017-Q1,2,February,2017-02,7,18,Saturday,1
2017-02-19,2017,Q1,2017-Q1,2,February,2017-02,7,19,Sunday,1
2017-02-20,2017,Q1,2017-Q1,2,February,2017-02,8,20,Monday,0
2017-02-21,2017,Q1,2017-Q1,2,February,2017-02,8,21,Tuesday,0
2017-02-22,2017,Q1,2017-Q1,2,February,2017-02,8,22,Wednesday,0
2017-02-23,2017,Q1,2017-Q1,2,February,2017-02,8,23,Thursday,0
2017-02-24,2017,Q1,2017-Q1,2,February,2017-02,8,24,Friday,0
2017-02-25,2017,Q1,2017-Q1,2,February,2017-02,8,25,Saturday,1
2017-02-26,2017,Q1,2017-Q1,2,February,2017-02,8,26,Sunday,1
2017-02-27,2017,Q1,2017-Q1,2,February,2017-02,9,27,Monday,0
2017-02-28,2017,Q1,2017-Q1,2,February,2017-02,9,28,Tuesday,0
2017-03-01,2017,Q1,2017-Q1,3,March,2017-03,9,1,Wednesday,0
2017-03-02,2017,Q1,2017-Q1,3,March,2017-03,9,2,Thursday,0
2017-03-03,2017,Q1,2017-Q1,3,March,2017-03,9,3,Friday,0
2017-03-04,2017,Q1,2017-Q1,3,March,2017-03,9,4,Saturday,1
2017-03-05,2017,Q1,2017-Q1,3,March,2017-03,9,5,Sunday,1
2017-03-06,2017,Q1,2017-Q1,3,March,2017-03,10,6,Monday,0
2017-03-07,2017,Q1,2017-Q1,3,March,2017-03,10,7,Tuesday,0
2017-03-08,2017,Q1,2017-Q1,3,March,2017-03,10,8,Wednesday,0
2017-03-09,2017,Q1,2017-Q1,3,March,2017-03,10,9,Thursday,0
2017-03-10,2017,Q1,2017-Q1,3,March,2017-03,10,10,Friday,0
2017-03-11,2017,Q1,2017-Q1,3,March,2017-03,10,11,Saturday,1
2017-03-12,2017,Q1,2017-Q1,3,March,2017-03,10,12,Sunday,1
2017-03-13,2017,Q1,2017-Q1,3,March,2017-03,11,13,Monday,0
2017-03-14,2017,Q1,2017-Q1,3,March,2017-03,11,14,Tuesday,0
2017-03-15,2017,Q1,2017-Q1,3,March,2017-03,11,15,Wednesday,0
2017-03-16,2017,Q1,2017-Q1,3,March,2017-03,11,16,Thursday,0
2017-03-17,2017,Q1,2017-Q1,3,March,2017-03,11,17,Friday,0
2017-03-18,2017,Q1,2017-Q1,3,March,2017-03,11,18,Saturday,1
2017-03-19,2017,Q1,2017-Q1,3,March,2017-03,11,19,Sunday,1
2017-03-20,2017,Q1,2017-Q1,3,March,2017-03,12,20,Monday,0
2017-03-21,2017,Q1,2017-Q1,3,March,2017-03,12,21,Tuesday,0
2017-03-22,2017,Q1,2017-Q1,3,March,2017-03,12,22,Wednesday,0
2017-03-23,2017,Q1,2017-Q1,3,March,2017-03,12,23,Thursday,0
2017-03-24,2017,Q1,2017-Q1,3,March,2017-03,12,24,Friday,0
2017-03-25,2017,Q1,2017-Q1,3,March,2017-03,12,25,Saturday,1
2017-03-26,2017,Q1,2017-Q1,3,March,2017-03,12,26,Sunday,1
2017-03-27,2017,Q1,2017-Q1,3,March,2017-03,13,27,Monday,0
2017-03-28,2017,Q1,2017-Q1,3,March,2017-03,13,28,Tuesday,0
2017-03-29,2017,Q1,2017-Q1,3,March,2017-03,13,29,Wednesday,0
2017-03-30,2017,Q1,2017-Q1,3,March,2017-03,13,30,Thursday,0
2017-03-31,2017,Q1,2017-Q1,3,March,2017-03,13,31,Friday,0
2017-04-01,2017,Q2,2017-Q2,4,April,2017-04,13,1,Saturday,1
2017-04-02,2017,Q2,2017-Q2,4,April,2017-04,13,2,Sunday,1
2017-04-03,2017,Q2,2017-Q2,4,April,2017-04,14,3,Monday,0
2017-04-04,2017,Q2,2017-Q2,4,April,2017-04,14,4,Tuesday,0
2017-04-05,2017,Q2,2017-Q2,4,April,2017-04,14,5,Wednesday,0
2017-04-06,2017,Q2,2017-Q2,4,April,2017-04,14,6,Thursday,0
2017-04-07,2017,Q2,2017-Q2,4,April,2017-04,14,7,Friday,0
2017-04-08,2017,Q2,2017-Q2,4,April,2017-04,14,8,Saturday,1
2017-04-09,2017,Q2,2017-Q2,4,April,2017-04,14,9,Sunday,1
2017-04-10,2017,Q2,2017-Q2,4,April,2017-04,15,10,Monday,0
2017-04-11,2017,Q2,2017-Q2,4,April,2017-04,15,11,Tuesday,0
2017-04-12,2017,Q2,2017-Q2,4,April,2017-04,15,12,Wednesday,0
2017-04-13,2017,Q2,2017-Q2,4,April,2017-04,15,13,Thursday,0
2017-04-14,2017,Q2,2017-Q2,4,April,2017-04,15,14,Friday,0
2017-04-15,2017,Q2,2017-Q2,4,April,2017-04,15,15,Saturday,1
2017-04-16,2017,Q2,2017-Q2,4,April,2017-04,15,16,Sunday,1
2017-04-17,2017,Q2,2017-Q2,4,April,2017-04,16,17,Monday,0
2017-04-18,2017,Q2,2017-Q2,4,April,2017-04,16,18,Tuesday,0
2017-04-19,2017,Q2,2017-Q2,4,April,2017-04,16,19,Wednesday,0
2017-04-20,2017,Q2,2017-Q2,4,April,2017-04,16,20,Thursday,0
2017-04-21,2017,Q2,2017-Q2,4,April,2017-04,16,21,Friday,0
2017-04-22,2017,Q2,2017-Q2,4,April,2017-04,16,22,Saturday,1
2017-04-23,2017,Q2,2017-Q2,4,April,2017-04,16,23,Sunday,1
2017-04-24,2017,Q2,2017-Q2,4,April,2017-04,17,24,Monday,0
2017-04-25,2017,Q2,2017-Q2,4,April,2017-04,17,25,Tuesday,0
2017-04-26,2017,Q2,2017-Q2,4,April,2017-04,17,26,Wednesday,0
2017-04-27,2017,Q2,2017-Q2,4,April,2017-04,17,27,Thursday,0
2017-04-28,2017,Q2,2017-Q2,4,April,2017-04,17,28,Friday,0
2017-04-29,2017,Q2,2017-Q2,4,April,2017-04,17,29,Saturday,1
2017-04-30,2017,Q2,2017-Q2,4,April,2017-04,17,30,Sunday,1
2017-05-01,2017,Q2,2017-Q2,5,May,2017-05,18,1,Monday,0
2017-05-02,2017,Q2,2017-Q2,5,May,2017-05,18,2,Tuesday,0
2017-05-03,2017,Q2,2017-Q2,5,May,2017-05,18,3,Wednesday,0
2017-05-04,2017,Q2,2017-Q2,5,May,2017-05,18,4,Thursday,0
2017-05-05,2017,Q2,2017-Q2,5,May,2017-05,18,5,Friday,0
2017-05-06,2017,Q2,2017-Q2,5,May,2017-05,18,6,Saturday,1
2017-05-07,2017,Q2,2017-Q2,5,May,2017-05,18,7,Sunday,1
2017-05-08,2017,Q2,2017-Q2,5,May,2017-05,19,8,Monday,0
2017-05-09,2017,Q2,2017-Q2,5,May,2017-05,19,9,Tuesday,0
2017-05-10,2017,Q2,2017-Q2,5,May,2017-05,19,10,Wednesday,0
2017-05-11,2017,Q2,2017-Q2,5,May,2017-05,19,11,Thursday,0
2017-05-12,2017,Q2,2017-Q2,5,May,2017-05,19,12,Friday,0
2017-05-13,2017,Q2,2017-Q2,5,May,2017-05,19,13,Saturday,1
2017-05-14,2017,Q2,2017-Q2,5,May,2017-05,19,14,Sunday,1
2017-05-15,2017,Q2,2017-Q2,5,May,2017-05,20,15,Monday,0
2017-05-16,2017,Q2,2017-Q2,5,May,2017-05,20,16,Tuesday,0
2017-05-17,2017,Q2,2017-Q2,5,May,2017-05,20,17,Wednesday,0
2017-05-18,2017,Q2,2017-Q2,5,May,2017-05,20,18,Thursday,0
2017-05-19,2017,Q2,2017-Q2,5,May,2017-05,20,19,Friday,0
2017-05-20,2017,Q2,2017-Q2,5,May,2017-05,20,20,Saturday,1
2017-05-21,2017,Q2,2017-Q2,5,May,2017-05,20,21,Sunday,1
2017-05-22,2017,Q2,2017-Q2,5,May,2017-05,21,22,Monday,0
2017-05-23,2017,Q2,2017-Q2,5,May,2017-05,21,23,Tuesday,0
2017-05-24,2017,Q2,2017-Q2,5,May,2017-05,21,24,Wednesday,0
2017-05-25,2017,Q2,2017-Q2,5,May,2017-05,21,25,Thursday,0
2017-05-26,2017,Q2,2017-Q2,5,May,2017-05,21,26,Friday,0
2017-05-27,2017,Q2,2017-Q2,5,May,2017-05,21,27,Saturday,1
2017-05-28,2017,Q2,2017-Q2,5,May,2017-05,21,28,Sunday,1
2017-05-29,2017,Q2,2017-Q2,5,May,2017-05,22,29,Monday,0
2017-05-30,2017,Q2,2017-Q2,5,May,2017-05,22,30,Tuesday,0
2017-05-31,2017,Q2,2017-Q2,5,May,2017-05,22,31,Wednesday,0
2017-06-01,2017,Q2,2017-Q2,6,June,2017-06,22,1,Thursday,0
2017-06-02,2017,Q2,2017-Q2,6,June,2017-06,22,2,Friday,0
2017-06-03,2017,Q2,2017-Q2,6,June,2017-06,22,3,Saturday,1
2017-06-04,2017,Q2,2017-Q2,6,June,2017-06,22,4,Sunday,1
2017-06-05,2017,Q2,2017-Q2,6,June,2017-06,23,5,Monday,0
2017-06-06,2017,Q2,2017-Q2,6,June,2017-06,23,6,Tuesday,0
2017-06-07,2017,Q2,2017-Q2,6,June,2017-06,23,7,Wednesday,0
2017-06-08,2017,Q2,2017-Q2,6,June,2017-06,23,8,Thursday,0
2017-06-09,2017,Q2,2017-Q2,6,June,2017-06,23,9,Friday,0
2017-06-10,2017,Q2,2017-Q2,6,June,2017-06,23,10,Saturday,1
2017-06-11,2017,Q2,2017-Q2,6,June,2017-06,23,11,Sunday,1
2017-06-12,2017,Q2,2017-Q2,6,June,2017-06,24,12,Monday,0
2017-06-13,2017,Q2,2017-Q2,6,June,2017-06,24,13,Tuesday,0
2017-06-14,2017,Q2,2017-Q2,6,June,2017-06,24,14,Wednesday,0
2017-06-15,2017,Q2,2017-Q2,6,June,2017-06,24,15,Thursday,0
2017-06-16,2017,Q2,2017-Q2,6,June,2017-06,24,16,Friday,0
2017-06-17,2017,Q2,2017-Q2,6,June,2017-06,24,17,Saturday,1
2017-06-18,2017,Q2,2017-Q2,6,June,2017-06,24,18,Sunday,1
2017-06-19,2017,Q2,2017-Q2,6,June,2017-06,25,19,Monday,0
2017-06-20,2017,Q2,2017-Q2,6,June,2017-06,25,20,Tuesday,0
2017-06-21,2017,Q2,2017-Q2,6,June,2017-06,25,21,Wednesday,0
2017-06-22,2017,Q2,2017-Q2,6,June,2017-06,25,22,Thursday,0
2017-06-23,2017,Q2,2017-Q2,6,June,2017-06,25,23,Friday,0
2017-06-24,2017,Q2,2017-Q2,6,June,2017-06,25,24,Saturday,1
2017-06-25,2017,Q2,2017-Q2,6,June,2017-06,25,25,Sunday,1
2017-06-26,2017,Q2,2017-Q2,6,June,2017-06,26,26,Monday,0
2017-06-27,2017,Q2,2017-Q2,6,June,2017-06,26,27,Tuesday,0
2017-06-28,2017,Q2,2017-Q2,6,June,2017-06,26,28,Wednesday,0
2017-06-29,2017,Q2,2017-Q2,6,June,2017-06,26,29,Thursday,0
2017-06-30,2017,Q2,2017-Q2,6,June,2017-06,26,30,Friday,0
2017-07-01,2017,Q3,2017-Q3,7,July,2017-07,26,1,Saturday,1
2017-07-02,2017,Q3,2017-Q3,7,July,2017-07,26,2,Sunday,1
2017-07-03,2017,Q3,2017-Q3,7,July,2017-07,27,3,Monday,0
2017-07-04,2017,Q3,2017-Q3,7,July,2017-07,27,4,Tuesday,0
2017-07-05,2017,Q3,2017-Q3,7,July,2017-07,27,5,Wednesday,0
2017-07-06,2017,Q3,2017-Q3,7,July,2017-07,27,6,Thursday,0
2017-07-07,2017,Q3,2017-Q3,7,July,2017-07,27,7,Friday,0
2017-07-08,2017,Q3,2017-Q3,7,July,2017-07,27,8,Saturday,1
2017-07-09,2017,Q3,2017-Q3,7,July,2017-07,27,9,Sunday,1
2017-07-10,2017,Q3,2017-Q3,7,July,2017-07,28,10,Monday,0
2017-07-11,2017,Q3,2017-Q3,7,July,2017-07,28,11,Tuesday,0
2017-07-12,2017,Q3,2017-Q3,7,July,2017-07,28,12,Wednesday,0
2017-07-13,2017,Q3,2017-Q3,7,July,2017-07,28,13,Thursday,0
2017-07-14,2017,Q3,2017-Q3,7,July,2017-07,28,14,Friday,0
2017-07-15,2017,Q3,2017-Q3,7,July,2017-07,28,15,Saturday,1
2017-07-16,2017,Q3,2017-Q3,7,July,2017-07,28,16,Sunday,1
2017-07-17,2017,Q3,2017-Q3,7,July,2017-07,29,17,Monday,0
2017-07-18,2017,Q3,2017-Q3,7,July,2017-07,29,18,Tuesday,0
2017-07-19,2017,Q3,2017-Q3,7,July,2017-07,29,19,Wednesday,0
2017-07-20,2017,Q3,2017-Q3,7,July,2017-07,29,20,Thursday,0
2017-07-21,2017,Q3,2017-Q3,7,July,2017-07,29,21,Friday,0
2017-07-22,2017,Q3,2017-Q3,7,July,2017-07,29,22,Saturday,1
2017-07-23,2017,Q3,2017-Q3,7,July,2017-07,29,23,Sunday,1
2017-07-24,2017,Q3,2017-Q3,7,July,2017-07,30,24,Monday,0
2017-07-25,2017,Q3,2017-Q3,7,July,2017-07,30,25,Tuesday,0
2017-07-26,2017,Q3,2017-Q3,7,July,2017-07,30,26,Wednesday,0
2017-07-27,2017,Q3,2017-Q3,7,July,2017-07,30,27,Thursday,0
2017-07-28,2017,Q3,2017-Q3,7,July,2017-07,30,28,Friday,0
2017-07-29,2017,Q3,2017-Q3,7,July,2017-07,30,29,Saturday,1
2017-07-30,2017,Q3,2017-Q3,7,July,2017-07,30,30,Sunday,1
2017-07-31,2017,Q3,2017-Q3,7,July,2017-07,31,31,Monday,0
2017-08-01,2017,Q3,2017-Q3,8,August,2017-08,31,1,Tuesday,0
2017-08-02,2017,Q3,2017-Q3,8,August,2017-08,31,2,Wednesday,0
2017-08-03,2017,Q3,2017-Q3,8,August,2017-08,31,3,Thursday,0
2017-08-04,2017,Q3,2017-Q3,8,August,2017-08,31,4,Friday,0
2017-08-05,2017,Q3,2017-Q3,8,August,2017-08,31,5,Saturday,1
2017-08-06,2017,Q3,2017-Q3,8,August,2017-08,31,6,Sunday,1
2017-08-07,2017,Q3,2017-Q3,8,August,2017-08,32,7,Monday,0
2017-08-08,2017,Q3,2017-Q3,8,August,2017-08,32,8,Tuesday,0
2017-08-09,2017,Q3,2017-Q3,8,August,2017-08,32,9,Wednesday,0
2017-08-10,2017,Q3,2017-Q3,8,August,2017-08,32,10,Thursday,0
2017-08-11,2017,Q3,2017-Q3,8,August,2017-08,32,11,Friday,0
2017-08-12,2017,Q3,2017-Q3,8,August,2017-08,32,12,Saturday,1
2017-08-13,2017,Q3,2017-Q3,8,August,2017-08,32,13,Sunday,1
2017-08-14,2017,Q3,2017-Q3,8,August,2017-08,33,14,Monday,0
2017-08-15,2017,Q3,2017-Q3,8,August,2017-08,33,15,Tuesday,0
2017-08-16,2017,Q3,2017-Q3,8,August,2017-08,33,16,Wednesday,0
2017-08-17,2017,Q3,2017-Q3,8,August,2017-08,33,17,Thursday,0
2017-08-18,2017,Q3,2017-Q3,8,August,2017-08,33,18,Friday,0
2017-08-19,2017,Q3,2017-Q3,8,August,2017-08,33,19,Saturday,1
2017-08-20,2017,Q3,2017-Q3,8,August,2017-08,33,20,Sunday,1
2017-08-21,2017,Q3,2017-Q3,8,August,2017-08,34,21,Monday,0
2017-08-22,2017,Q3,2017-Q3,8,August,2017-08,34,22,Tuesday,0
2017-08-23,2017,Q3,2017-Q3,8,August,2017-08,34,23,Wednesday,0
2017-08-24,2017,Q3,2017-Q3,8,August,2017-08,34,24,Thursday,0
2017-08-25,2017,Q3,2017-Q3,8,August,2017-08,34,25,Friday,0
2017-08-26,2017,Q3,2017-Q3,8,August,2017-08,34,26,Saturday,1
2017-08-27,2017,Q3,2017-Q3,8,August,2017-08,34,27,Sunday,1
2017-08-28,2017,Q3,2017-Q3,8,August,2017-08,35,28,Monday,0
2017-08-29,2017,Q3,2017-Q3,8,August,2017-08,35,29,Tuesday,0
2017-08-30,2017,Q3,2017-Q3,8,August,2017-08,35,30,Wednesday,0
2017-08-31,2017,Q3,2017-Q3,8,August,2017-08,35,31,Thursday,0
2017-09-01,2017,Q3,2017-Q3,9,September,2017-09,35,1,Friday,0
2017-09-02,2017,Q3,2017-Q3,9,September,2017-09,35,2,Saturday,1
2017-09-03,2017,Q3,2017-Q3,9,September,2017-09,35,3,Sunday,1
2017-09-04,2017,Q3,2017-Q3,9,September,2017-09,36,4,Monday,0
2017-09-05,2017,Q3,2017-Q3,9,September,2017-09,36,5,Tuesday,0
2017-09-06,2017,Q3,2017-Q3,9,September,2017-09,36,6,Wednesday,0
2017-09-07,2017,Q3,2017-Q3,9,September,2017-09,36,7,Thursday,0
2017-09-08,2017,Q3,2017-Q3,9,September,2017-09,36,8,Friday,0
2017-09-09,2017,Q3,2017-Q3,9,September,2017-09,36,9,Saturday,1
2017-09-10,2017,Q3,2017-Q3,9,September,2017-09,36,10,Sunday,1
2017-09-11,2017,Q3,2017-Q3,9,September,2017-09,37,11,Monday,0
2017-09-12,2017,Q3,2017-Q3,9,September,2017-09,37,12,Tuesday,0
2017-09-13,2017,Q3,2017-Q3,9,September,2017-09,37,13,Wednesday,0
2017-09-14,2017,Q3,2017-Q3,9,September,2017-09,37,14,Thursday,0
2017-09-15,2017,Q3,2017-Q3,9,September,2017-09,37,15,Friday,0
2017-09-16,2017,Q3,2017-Q3,9,September,2017-09,37,16,Saturday,1
2017-09-17,2017,Q3,2017-Q3,9,September,2017-09,37,17,Sunday,1
2017-09-18,2017,Q3,2017-Q3,9,September,2017-09,38,18,Monday,0
2017-09-19,2017,Q3,2017-Q3,9,September,2017-09,38,19,Tuesday,0
2017-09-20,2017,Q3,2017-Q3,9,September,2017-09,38,20,Wednesday,0
2017-09-21,2017,Q3,2017-Q3,9,September,2017-09,38,21,Thursday,0
2017-09-22,2017,Q3,2017-Q3,9,September,2017-09,38,22,Friday,0
2017-09-23,2017,Q3,2017-Q3,9,September,2017-09,38,23,Saturday,1
2017-09-24,2017,Q3,2017-Q3,9,September,2017-09,38,24,Sunday,1
2017-09-25,2017,Q3,2017-Q3,9,September,2017-09,39,25,Monday,0
2017-09-26,2017,Q3,2017-Q3,9,September,2017-09,39,26,Tuesday,0
2017-09-27,2017,Q3,2017-Q3,9,September,2017-09,39,27,Wednesday,0
2017-09-28,2017,Q3,2017-Q3,9,September,2017-09,39,28,Thursday,0
2017-09-29,2017,Q3,2017-Q3,9,September,2017-09,39,29,Friday,0
2017-09-30,2017,Q3,2017-Q3,9,September,2017-09,39,30,Saturday,1
2017-10-01,2017,Q4,2017-Q4,10,October,2017-10,39,1,Sunday,1
2017-10-02,2017,Q4,2017-Q4,10,October,2017-10,40,2,Monday,0
2017-10-03,2017,Q4,2017-Q4,10,October,2017-10,40,3,Tuesday,0
2017-10-04,2017,Q4,2017-Q4,10,October,2017-10,40,4,Wednesday,0
2017-10-05,2017,Q4,2017-Q4,10,October,2017-10,40,5,Thursday,0
2017-10-06,2017,Q4,2017-Q4,10,October,2017-10,40,6,Friday,0
2017-10-07,2017,Q4,2017-Q4,10,October,2017-10,40,7,Saturday,1
2017-10-08,2017,Q4,2017-Q4,10,October,2017-10,40,8,Sunday,1
2017-10-09,2017,Q4,2017-Q4,10,October,2017-10,41,9,Monday,0
2017-10-10,2017,Q4,2017-Q4,10,October,2017-10,41,10,Tuesday,0
2017-10-11,2017,Q4,2017-Q4,10,October,2017-10,41,11,Wednesday,0
2017-10-12,2017,Q4,2017-Q4,10,October,2017-10,41,12,Thursday,0
2017-10-13,2017,Q4,2017-Q4,10,October,2017-10,41,13,Friday,0
2017-10-14,2017,Q4,2017-Q4,10,October,2017-10,41,14,Saturday,1
2017-10-15,2017,Q4,2017-Q4,10,October,2017-10,41,15,Sunday,1
2017-10-16,2017,Q4,2017-Q4,10,October,2017-10,42,16,Monday,0
2017-10-17,2017,Q4,2017-Q4,10,October,2017-10,42,17,Tuesday,0
2017-10-18,2017,Q4,2017-Q4,10,October,2017-10,42,18,Wednesday,0
2017-10-19,2017,Q4,2017-Q4,10,October,2017-10,42,19,Thursday,0
2017-10-20,2017,Q4,2017-Q4,10,October,2017-10,42,20,Friday,0
2017-10-21,2017,Q4,2017-Q4,10,October,2017-10,42,21,Saturday,1
2017-10-22,2017,Q4,2017-Q4,10,October,2017-10,42,22,Sunday,1
2017-10-23,2017,Q4,2017-Q4,10,October,2017-10,43,23,Monday,0
2017-10-24,2017,Q4,2017-Q4,10,October,2017-10,43,24,Tuesday,0
2017-10-25,2017,Q4,2017-Q4,10,October,2017-10,43,25,Wednesday,0
2017-10-26,2017,Q4,2017-Q4,10,October,2017-10,43,26,Thursday,0
2017-10-27,2017,Q4,2017-Q4,10,October,2017-10,43,27,Friday,0
2017-10-28,2017,Q4,2017-Q4,10,October,2017-10,43,28,Saturday,1
2017-10-29,2017,Q4,2017-Q4,10,October,2017-10,43,29,Sunday,1
2017-10-30,2017,Q4,2017-Q4,10,October,2017-10,44,30,Monday,0
2017-10-31,2017,Q4,2017-Q4,10,October,2017-10,44,31,Tuesday,0
2017-11-01,2017,Q4,2017-Q4,11,November,2017-11,44,1,Wednesday,0
2017-11-02,2017,Q4,2017-Q4,11,November,2017-11,44,2,Thursday,0
2017-11-03,2017,Q4,2017-Q4,11,November,2017-11,44,3,Friday,0
2017-11-04,2017,Q4,2017-Q4,11,November,2017-11,44,4,Saturday,1
2017-11-05,2017,Q4,2017-Q4,11,November,2017-11,44,5,Sunday,1
2017-11-06,2017,Q4,2017-Q4,11,November,2017-11,45,6,Monday,0
2017-11-07,2017,Q4,2017-Q4,11,November,2017-11,45,7,Tuesday,0
2017-11-08,2017,Q4,2017-Q4,11,November,2017-11,45,8,Wednesday,0
2017-11-09,2017,Q4,2017-Q4,11,November,2017-11,45,9,Thursday,0
2017-11-10,2017,Q4,2017-Q4,11,November,2017-11,45,10,Friday,0
2017-11-11,2017,Q4,2017-Q4,11,November,2017-11,45,11,Saturday,1
2017-11-12,2017,Q4,2017-Q4,11,November,2017-11,45,12,Sunday,1
2017-11-13,2017,Q4,2017-Q4,11,November,2017-11,46,13,Monday,0
2017-11-14,2017,Q4,2017-Q4,11,November,2017-11,46,14,Tuesday,0
2017-11-15,2017,Q4,2017-Q4,11,November,2017-11,46,15,Wednesday,0
2017-11-16,2017,Q4,2017-Q4,11,November,2017-11,46,16,Thursday,0
2017-11-17,2017,Q4,2017-Q4,11,November,2017-11,46,17,Friday,0
2017-11-18,2017,Q4,2017-Q4,11,November,2017-11,46,18,Saturday,1
2017-11-19,2017,Q4,2017-Q4,11,November,2017-11,46,19,Sunday,1
2017-11-20,2017,Q4,2017-Q4,11,November,2017-11,47,20,Monday,0
2017-11-21,2017,Q4,2017-Q4,11,November,2017-11,47,21,Tuesday,0
2017-11-22,2017,Q4,2017-Q4,11,November,2017-11,47,22,Wednesday,0
2017-11-23,2017,Q4,2017-Q4,11,November,2017-11,47,23,Thursday,0
2017-11-24,2017,Q4,2017-Q4,11,November,2017-11,47,24,Friday,0
2017-11-25,2017,Q4,2017-Q4,11,November,2017-11,47,25,Saturday,1
2017-11-26,2017,Q4,2017-Q4,11,November,2017-11,47,26,Sunday,1
2017-11-27,2017,Q4,2017-Q4,11,November,2017-11,48,27,Monday,0
2017-11-28,2017,Q4,2017-Q4,11,November,2017-11,48,28,Tuesday,0
2017-11-29,2017,Q4,2017-Q4,11,November,2017-11,48,29,Wednesday,0
2017-11-30,2017,Q4,2017-Q4,11,November,2017-11,48,30,Thursday,0
2017-12-01,2017,Q4,2017-Q4,12,December,2017-12,48,1,Friday,0
2017-12-02,2017,Q4,2017-Q4,12,December,2017-12,48,2,Saturday,1
2017-12-03,2017,Q4,2017-Q4,12,December,2017-12,48,3,Sunday,1
2017-12-04,2017,Q4,2017-Q4,12,December,2017-12,49,4,Monday,0
2017-12-05,2017,Q4,2017-Q4,12,December,2017-12,49,5,Tuesday,0
2017-12-06,2017,Q4,2017-Q4,12,December,2017-12,49,6,Wednesday,0
2017-12-07,2017,Q4,2017-Q4,12,December,2017-12,49,7,Thursday,0
2017-12-08,2017,Q4,2017-Q4,12,December,2017-12,49,8,Friday,0
2017-12-09,2017,Q4,2017-Q4,12,December,2017-12,49,9,Saturday,1
2017-12-10,2017,Q4,2017-Q4,12,December,2017-12,49,10,Sunday,1
2017-12-11,2017,Q4,2017-Q4,12,December,2017-12,50,11,Monday,0
2017-12-12,2017,Q4,2017-Q4,12,December,2017-12,50,12,Tuesday,0
2017-12-13,2017,Q4,2017-Q4,12,December,2017-12,50,13,Wednesday,0
2017-12-14,2017,Q4,2017-Q4,12,December,2017-12,50,14,Thursday,0
2017-12-15,2017,Q4,2017-Q4,12,December,2017-12,50,15,Friday,0
2017-12-16,2017,Q4,2017-Q4,12,December,2017-12,50,16,Saturday,1
2017-12-17,2017,Q4,2017-Q4,12,December,2017-12,50,17,Sunday,1
2017-12-18,2017,Q4,2017-Q4,12,December,2017-12,51,18,Monday,0
2017-12-19,2017,Q4,2017-Q4,12,December,2017-12,51,19,Tuesday,0
2017-12-20,2017,Q4,2017-Q4,12,December,2017-12,51,20,Wednesday,0
2017-12-21,2017,Q4,2017-Q4,12,December,2017-12,51,21,Thursday,0
2017-12-22,2017,Q4,2017-Q4,12,December,2017-12,51,22,Friday,0
2017-12-23,2017,Q4,2017-Q4,12,December,2017-12,51,23,Saturday,1
2017-12-24,2017,Q4,2017-Q4,12,December,2017-12,51,24,Sunday,1
2017-12-25,2017,Q4,2017-Q4,12,December,2017-12,52,25,Monday,0
2017-12-26,2017,Q4,2017-Q4,12,December,2017-12,52,26,Tuesday,0
2017-12-27,2017,Q4,2017-Q4,12,December,2017-12,52,27,Wednesday,0
2017-12-28,2017,Q4,2017-Q4,12,December,2017-12,52,28,Thursday,0
2017-12-29,2017,Q4,2017-Q4,12,December,2017-12,52,29,Friday,0
2017-12-30,2017,Q4,2017-Q4,12,December,2017-12,52,30,Saturday,1
2017-12-31,2017,Q4,2017-Q4,12,December,2017-12,52,31,Sunday,1
